RegionID,RegionName,City,State,Metro,CountyName,SizeRank,2009/01,2009/02,2009/03,2009/04,2009/05,2009/06,2009/07,2009/08,2009/09,2009/10,2009/11,2009/12,2010/01,2010/02,2010/03,2010/04,2010/05,2010/06,2010/07,2010/08,2010/09,2010/10,2010/11,2010/12,2011/01,2011/02,2011/03,2011/04,2011/05,2011/06,2011/07,2011/08,2011/09,2011/10,2011/11,2011/12,2012/01,2012/02,2012/03,2012/04,2012/05,2012/06,2012/07,2012/08,2012/09,2012/10,2012/11,2012/12,2013/01,2013/02,2013/03,2013/04,2013/05,2013/06,2013/07,2013/08,2013/09,2013/10,2013/11,2013/12,2014/01,2014/02,2014/03,2014/04,2014/05,2014/06,2014/07,2014/08,2014/09,2014/10,2014/11,2014/12,2015/01,2015/02,2015/03,2015/04,2015/05,2015/06,2015/07,2015/08,2015/09,2015/10,2015/11,2015/12,2016/01
61615,10001,New York,NY,New York,New York,4187,1180,1176,1170,1155,1137,1119,1100,1085,1078,1072,1065,1057,1049,1042,1040,1042,1047,1056,1067,1077,1084,1087,1088,1087,1086,1085,1081,1078,1080,1083,1083,1083,1082,1081,1079,1078,1078,1079,1083,1090,1092,1093,1100,1110,1119,1132,1149,1172,1193,1213,1236,1252,1258,1269,1290,1313,1335,1363,1389,1408,1419,1425,1436,1467,1511,1536,1534,1533,1552,1580,1615,1651,1675,1679,1673,1680,1701,1724,1749,1773,1773,1746,1713,1685,1663
61616,10002,New York,NY,New York,New York,27,984,983,980,972,961,946,930,916,902,896,898,904,903,902,909,919,926,932,938,942,948,954,958,958,955,952,949,946,941,938,934,929,924,922,919,913,910,911,907,899,896,895,898,909,920,928,939,958,970,973,978,987,997,1007,1017,1026,1039,1056,1071,1083,1096,1103,1118,1148,1183,1206,1224,1241,1254,1253,1250,1256,1266,1278,1288,1291,1293,1309,1331,1348,1360,1371,1368,1351,1332
61617,10003,New York,NY,New York,New York,308,1227,1223,1219,1208,1182,1149,1118,1099,1091,1092,1097,1102,1104,1111,1122,1131,1141,1161,1186,1201,1200,1193,1188,1186,1186,1182,1175,1172,1167,1163,1168,1178,1182,1182,1181,1180,1181,1184,1188,1193,1198,1204,1211,1222,1236,1250,1261,1274,1290,1304,1313,1321,1332,1347,1366,1388,1408,1422,1430,1441,1455,1468,1485,1506,1530,1552,1564,1565,1573,1593,1628,1663,1684,1691,1703,1726,1745,1745,1730,1722,1734,1752,1756,1747,1737
61618,10004,New York,NY,New York,New York,12064,1098,1115,1123,1127,1125,1121,1116,1112,1107,1104,1104,1101,1091,1079,1069,1059,1052,1049,1047,1051,1062,1073,1075,1069,1062,1056,1056,1053,1042,1030,1018,1007,999,996,992,984,979,978,978,974,970,972,978,984,989,993,1002,1013,1021,1028,1038,1051,1067,1084,1100,1113,1129,1151,1171,1187,1201,1213,1230,1269,1321,1357,1378,1395,1402,1408,1422,1435,1455,1476,1484,1477,1470,1474,1484,1488,1490,1490,1483,1470,1462
61619,10005,New York,NY,New York,New York,8107,1061,1060,1054,1047,1043,1046,1046,1045,1046,1054,1061,1064,1065,1067,1067,1065,1063,1060,1056,1057,1058,1054,1043,1029,1018,1013,1005,992,979,969,961,953,946,941,937,930,923,920,917,916,918,925,932,936,941,945,950,958,968,977,985,990,993,1002,1013,1021,1031,1045,1058,1070,1082,1087,1109,1158,1199,1217,1227,1246,1275,1305,1329,1353,1370,1381,1388,1389,1396,1410,1420,1424,1422,1409,1395,1382,1372
61620,10006,New York,NY,New York,New York,9988,1098,1095,1085,1066,1050,1043,1033,1014,998,979,958,936,919,912,912,914,919,921,921,923,929,935,942,947,949,953,960,961,948,934,929,931,935,942,950,951,950,952,952,949,952,960,970,981,993,1002,1002,995,996,1006,1026,1046,1066,1080,1092,1098,1108,1124,1139,1161,1190,1205,1200,1207,1220,1227,1227,1235,1243,1246,1253,1270,1298,1327,1347,1359,1374,1385,1396,1395,1395,1404,1429,1474,1525
61621,10007,New York,NY,New York,New York,7779,1211,1196,1183,1163,1142,1128,1122,1113,1103,1094,1090,1084,1078,1087,1109,1124,1130,1132,1131,1138,1148,1153,1150,1149,1156,1165,1171,1175,1176,1173,1177,1189,1199,1201,1194,1186,1178,1173,1171,1170,1171,1174,1188,1205,1214,1218,1229,1245,1266,1288,1305,1323,1348,1382,1410,1425,1437,1456,1472,1496,1530,1558,1586,1624,1663,1683,1686,1683,1684,1703,1730,1746,1754,1763,1761,1760,1771,1786,1795,1817,1856,1895,1924,1954,1980
61623,10009,New York,NY,New York,New York,150,1073,1067,1057,1043,1022,1002,989,981,977,976,978,976,972,969,972,979,987,994,992,987,981,978,978,977,973,975,977,977,974,972,967,966,967,966,964,963,965,964,964,964,966,968,973,986,1003,1016,1023,1032,1046,1055,1056,1057,1067,1083,1094,1103,1120,1150,1177,1198,1209,1211,1219,1230,1229,1226,1234,1242,1245,1249,1260,1268,1269,1273,1286,1302,1317,1332,1355,1379,1381,1357,1329,1314,1306
61624,10010,New York,NY,New York,New York,3310,1242,1226,1212,1193,1166,1137,1117,1110,1112,1113,1114,1120,1129,1137,1143,1145,1152,1168,1185,1197,1206,1214,1219,1221,1221,1224,1227,1227,1225,1224,1221,1213,1208,1205,1199,1192,1186,1183,1183,1186,1191,1199,1207,1219,1236,1251,1265,1279,1295,1310,1326,1347,1374,1399,1427,1457,1481,1502,1524,1555,1584,1600,1617,1649,1669,1669,1654,1640,1638,1666,1717,1765,1786,1800,1816,1832,1843,1856,1878,1906,1924,1922,1900,1872,1849
61639,10025,New York,NY,New York,New York,10,889,884,868,854,841,831,821,814,810,809,811,815,820,827,834,839,845,852,858,862,870,875,876,877,878,877,878,880,881,880,877,872,867,863,859,855,851,849,851,858,865,872,879,888,899,911,922,934,947,960,976,992,1005,1017,1028,1039,1052,1071,1087,1101,1112,1123,1133,1143,1150,1152,1154,1156,1159,1166,1182,1200,1212,1221,1234,1247,1255,1267,1282,1297,1307,1308,1303,1298,1295
61640,10026,New York,NY,New York,New York,1469,693,682,667,647,628,614,608,603,602,601,603,606,610,612,613,613,613,613,614,617,622,622,620,621,620,622,627,632,634,634,630,626,624,626,627,626,622,618,620,627,631,631,631,634,640,645,649,656,665,673,678,685,697,710,721,732,748,770,785,793,794,796,798,801,802,807,819,828,831,837,850,864,877,890,909,931,952,966,980,996,1001,989,975,966,959
61643,10029,New York,NY,New York,New York,45,688,677,662,649,638,632,629,626,621,616,616,622,627,631,633,634,642,656,664,662,662,669,678,676,669,658,647,640,638,640,647,648,640,634,635,639,651,668,680,686,686,681,678,683,689,690,689,691,693,695,699,700,700,705,713,720,731,751,765,768,772,779,800,839,866,870,871,869,869,876,891,907,913,917,920,928,936,941,942,952,949,924,900,895,896
61644,10030,New York,NY,New York,New York,2828,528,527,522,514,502,493,490,488,484,484,488,493,496,500,504,501,497,494,492,489,482,472,466,466,467,467,469,471,469,466,465,465,465,466,471,474,474,473,471,468,463,456,450,452,457,460,465,469,472,478,485,489,498,513,526,536,550,556,553,548,545,545,547,552,553,554,556,553,550,555,556,555,556,559,561,567,576,586,601,616,627,634,641,645,647
61645,10031,New York,NY,New York,New York,246,479,479,479,473,464,457,455,456,454,450,443,439,435,435,435,438,443,444,442,442,442,440,440,439,437,438,443,448,452,452,450,447,446,444,442,440,440,441,444,445,444,444,448,450,448,449,455,463,469,473,478,485,493,503,509,515,527,538,544,546,549,551,559,574,589,600,611,617,623,632,640,644,651,660,669,681,694,705,717,734,747,754,762,773,782
61650,10036,New York,NY,New York,New York,4213,1195,1193,1192,1184,1163,1137,1116,1104,1098,1095,1096,1100,1099,1099,1101,1103,1110,1122,1134,1144,1149,1152,1152,1150,1148,1143,1130,1119,1114,1115,1117,1119,1121,1120,1118,1115,1113,1111,1108,1104,1102,1101,1100,1101,1106,1111,1118,1130,1144,1160,1175,1190,1202,1219,1236,1247,1256,1272,1287,1302,1316,1326,1345,1385,1423,1441,1451,1472,1494,1500,1502,1518,1540,1567,1591,1604,1613,1624,1633,1639,1632,1628,1632,1632,1626
61652,10038,New York,NY,New York,New York,5143,977,976,969,956,941,924,905,892,886,887,891,888,878,871,871,871,874,875,874,875,881,885,882,878,877,879,881,882,882,882,882,881,881,877,870,863,859,861,863,863,864,866,869,873,883,892,899,905,913,923,933,939,942,948,956,966,980,998,1011,1020,1033,1044,1062,1100,1144,1169,1185,1208,1225,1236,1253,1286,1310,1313,1307,1309,1317,1331,1350,1359,1344,1315,1294,1283,1274
61771,10280,New York,NY,New York,New York,8579,945,931,916,906,897,881,867,866,872,873,873,871,867,861,853,849,852,857,855,845,835,835,837,836,835,835,837,840,843,839,833,827,826,826,822,820,823,827,829,833,833,830,826,825,827,827,827,830,833,839,848,853,852,852,853,859,869,885,903,922,935,943,953,967,979,990,1004,1019,1032,1045,1062,1086,1106,1116,1121,1121,1131,1161,1197,1210,1202,1188,1178,1166,1154
61777,10301,New York,NY,New York,Richmond,1613,276,277,276,276,275,274,273,272,272,273,275,275,275,276,277,276,276,276,275,274,273,272,270,269,268,267,266,264,262,260,259,260,260,260,260,261,260,260,261,263,264,265,267,267,266,265,265,265,265,265,264,264,265,266,267,267,267,267,267,267,268,268,268,269,270,272,274,275,277,278,278,278,279,281,282,283,283,282,282,283,284,287,289,291,292
61778,10302,New York,NY,New York,Richmond,5413,243,244,243,242,242,241,240,240,239,239,240,240,240,239,239,239,238,236,233,232,232,230,229,227,226,225,224,223,224,224,224,224,223,222,221,222,222,222,222,222,221,222,222,222,221,221,221,221,221,220,220,221,222,224,226,227,228,229,229,230,231,231,230,231,232,233,234,235,236,238,239,239,239,240,241,242,242,242,242,242,242,242,242,243,244
61779,10303,New York,NY,New York,Richmond,2999,224,223,221,220,218,217,216,215,214,213,213,213,214,214,214,214,214,213,211,210,210,209,209,208,208,207,205,203,202,202,202,202,201,200,200,200,199,198,197,196,195,195,193,192,192,192,191,191,190,189,189,189,190,193,194,195,196,198,200,200,200,201,202,202,203,203,203,203,204,204,204,204,204,206,208,210,211,212,213,214,215,215,214,214,214
61780,10304,New York,NY,New York,Richmond,1243,262,263,262,262,261,260,259,259,259,259,259,258,258,258,258,257,256,256,258,258,258,256,254,253,252,251,250,249,249,248,247,246,245,244,243,242,240,238,237,237,237,237,236,236,237,238,239,240,240,241,241,242,243,245,246,245,246,246,247,248,249,250,251,251,250,251,253,253,253,254,255,255,255,256,259,261,261,261,260,260,261,262,264,266,268
61781,10305,New York,NY,New York,Richmond,797,267,269,269,269,268,268,266,265,265,267,269,270,270,270,270,270,271,271,272,272,271,269,267,266,265,263,261,260,258,256,256,256,255,255,256,256,256,256,256,256,256,256,256,257,256,256,255,255,254,254,253,253,254,255,256,256,256,257,257,257,257,258,258,257,257,258,259,259,260,261,262,262,262,263,265,267,268,268,268,269,270,271,272,274,276
61782,10306,New York,NY,New York,Richmond,400,291,292,290,288,287,287,286,285,286,288,289,290,290,291,292,293,293,292,292,292,291,289,288,287,287,287,286,285,283,282,282,282,281,280,280,280,280,280,279,279,279,279,279,280,281,280,279,279,279,278,278,279,279,280,280,281,282,283,283,283,283,285,285,284,285,286,286,286,286,287,287,287,287,287,290,292,293,293,292,293,294,296,298,300,302
61783,10307,New York,NY,New York,Richmond,6022,274,277,277,277,277,275,275,275,277,280,283,285,287,289,289,287,286,286,286,285,284,282,280,279,278,276,275,275,274,274,275,275,274,274,274,273,272,270,269,268,268,269,269,270,271,271,272,271,270,269,269,270,269,269,269,269,270,270,270,271,272,274,276,279,280,282,282,282,284,286,287,286,286,286,288,290,291,290,290,290,288,287,287,287,286
61784,10308,New York,NY,New York,Richmond,2566,284,284,283,283,282,281,279,278,277,279,280,282,283,284,285,285,285,285,287,287,287,286,286,285,284,283,280,278,277,276,276,275,274,273,273,273,273,273,273,273,273,274,274,275,275,275,274,274,275,275,275,276,276,277,278,279,279,280,280,280,280,282,283,283,284,285,285,286,286,287,286,286,285,286,289,291,291,291,290,290,291,293,296,298,300
61785,10309,New York,NY,New York,Richmond,1638,244,244,243,242,241,240,239,238,238,239,241,242,242,242,243,243,242,241,241,242,242,242,241,241,241,240,239,238,237,237,236,235,233,232,232,231,231,231,231,231,231,232,232,233,233,233,232,232,232,232,231,231,232,233,233,234,236,237,237,237,238,239,239,241,242,243,244,245,245,245,246,246,247,247,249,251,250,249,249,249,250,251,251,251,252
61786,10310,New York,NY,New York,Richmond,3425,264,265,265,264,263,262,260,259,259,260,262,263,264,265,265,264,264,264,263,263,263,261,259,258,257,256,256,254,252,251,251,250,250,250,249,250,249,248,247,247,248,249,250,251,249,248,248,248,246,245,245,246,246,248,248,249,249,249,251,252,254,256,258,260,261,263,265,266,267,268,268,267,267,267,269,271,270,269,268,269,270,271,273,274,274
61788,10312,New York,NY,New York,Richmond,145,258,257,256,255,255,255,254,253,253,253,254,255,256,258,258,258,257,257,258,258,258,257,255,255,254,253,252,252,251,250,250,250,249,249,249,249,248,248,248,248,248,248,248,247,247,247,246,246,246,245,245,246,247,248,249,249,251,251,252,253,255,256,257,257,258,258,259,260,260,260,260,260,260,261,262,264,264,263,263,263,263,265,266,267,268
61790,10314,New York,NY,New York,Richmond,44,256,256,255,254,253,252,252,251,251,252,253,254,255,256,256,257,257,257,257,257,257,256,254,254,253,252,251,249,248,248,247,246,246,245,245,244,244,244,244,244,244,244,244,244,245,245,244,245,244,244,244,244,245,247,248,248,249,250,250,251,253,254,254,254,254,255,256,257,257,257,258,258,257,258,260,263,263,263,263,264,265,267,269,270,272
61796,10456,New York,NY,New York,Bronx,29,215,214,213,212,208,204,201,200,198,196,195,197,199,204,208,212,216,221,225,227,226,223,221,219,217,216,215,215,214,212,212,212,212,211,211,210,210,211,209,206,204,203,203,203,204,204,203,204,205,203,198,193,193,196,198,198,198,198,199,201,202,198,196,199,200,196,192,191,195,198,198,193,189,190,198,204,208,210,210,210,209,209,210,211,211
61797,10457,New York,NY,New York,Bronx,86,229,224,219,213,209,205,201,199,196,193,192,192,194,195,199,203,204,203,202,199,198,197,195,194,195,197,199,200,200,200,200,200,199,199,199,201,201,200,198,196,195,196,197,198,197,195,193,191,190,188,187,186,185,185,184,184,185,186,187,186,185,185,186,188,191,194,197,199,199,201,203,205,206,208,209,209,210,211,212,213,214,214,215,216,217
61799,10459,New York,NY,New York,Bronx,525,222,219,217,215,214,212,212,212,212,213,215,218,221,223,225,226,227,227,227,225,224,224,224,223,221,220,219,219,217,216,214,211,208,204,200,199,197,197,199,198,198,199,199,197,197,199,198,196,192,186,181,180,181,182,185,191,193,189,186,185,185,186,188,188,186,182,178,174,171,171,173,175,176,178,180,182,182,180,178,175,175,175,174,173,174
61801,10461,New York,NY,New York,Bronx,586,262,262,260,258,256,255,254,254,254,255,256,256,257,257,257,258,258,257,255,253,251,251,251,251,252,252,253,253,252,251,251,250,249,249,247,246,243,242,240,239,238,237,237,237,237,238,239,239,240,240,239,240,240,240,240,241,243,244,243,241,239,238,238,239,241,242,243,244,246,249,252,254,256,258,259,261,263,265,266,266,265,262,260,260,260
61802,10462,New York,NY,New York,Bronx,46,,198,199,198,196,195,193,191,189,187,186,187,187,187,188,189,189,187,186,184,183,181,178,177,177,177,178,180,181,181,179,177,174,168,163,160,158,158,157,156,156,154,154,154,154,154,156,158,160,160,160,160,163,167,168,167,168,167,167,166,165,163,161,158,156,154,152,149,148,149,149,149,148,149,151,154,157,158,160,161,160,158,157,159,160
61804,10464,New York,NY,New York,Bronx,9327,376,372,370,368,369,371,374,375,373,372,371,370,367,366,366,367,366,363,358,353,347,343,340,338,338,337,337,338,339,338,338,337,336,333,329,325,323,321,317,310,305,302,301,304,309,312,315,316,317,316,317,320,325,328,329,330,330,329,328,325,323,324,323,320,315,310,307,304,305,309,313,317,319,321,324,327,330,331,331,332,332,331,330,334,339
61805,10465,New York,NY,New York,Bronx,596,276,275,273,273,274,274,272,271,270,269,268,267,266,266,266,268,269,268,266,264,263,263,263,262,262,262,262,261,260,259,258,257,257,256,255,254,253,252,252,251,249,249,249,249,250,252,252,254,255,254,252,253,254,254,254,255,256,255,254,252,251,251,250,251,251,252,253,254,255,257,260,262,263,263,265,267,269,270,271,271,271,270,269,268,268
61806,10466,New York,NY,New York,Bronx,110,258,255,251,247,243,240,237,235,234,232,231,231,231,230,230,232,231,230,229,228,226,225,224,223,223,224,225,225,225,224,223,222,222,221,220,219,218,216,215,214,213,213,214,214,215,215,214,214,215,215,216,218,221,224,225,226,228,230,231,231,231,229,227,225,223,222,223,223,224,226,229,231,232,235,238,240,241,242,242,242,241,239,238,239,240
61809,10469,New York,NY,New York,Bronx,74,237,236,234,232,229,228,227,226,225,224,224,225,225,224,226,227,227,227,227,226,225,225,225,225,224,224,223,222,222,220,219,218,218,217,217,215,214,213,211,210,210,210,210,210,211,211,211,212,212,212,212,213,213,213,214,215,216,216,216,216,216,217,217,216,215,215,215,215,217,217,218,219,219,220,222,225,227,229,230,231,230,230,230,231,232
61813,10473,New York,NY,New York,Bronx,201,248,247,244,242,242,241,239,238,236,234,234,235,235,236,237,238,239,238,238,238,237,236,237,238,238,239,241,241,240,239,239,241,242,240,237,233,230,227,225,225,225,225,226,226,227,229,230,230,231,231,230,229,231,234,235,234,232,230,228,226,225,224,223,224,223,223,225,227,227,229,232,234,234,235,236,236,234,231,228,228,229,230,230,231,231
61979,11004,New York,NY,New York,Queens,7260,415,410,406,402,398,395,393,391,389,388,388,389,390,393,396,399,400,401,402,403,404,404,403,403,403,403,402,403,403,403,403,404,405,404,403,402,401,400,399,399,400,400,399,397,397,397,397,397,397,399,403,406,407,409,411,412,414,417,420,424,429,433,439,444,445,446,451,455,458,461,465,467,469,470,469,468,469,471,472,474,476,478,479,478,476
62006,11103,New York,NY,New York,Queens,1461,402,406,406,408,406,405,405,406,405,405,406,408,409,408,406,404,403,402,403,405,407,409,410,410,412,413,412,409,407,407,407,405,402,399,397,396,395,394,394,392,391,393,397,400,403,409,416,419,420,426,433,437,438,440,444,450,460,467,470,470,474,479,484,488,495,500,503,504,503,500,500,503,505,507,510,514,522,531,539,546,555,566,575,585,595
62008,11105,New York,NY,New York,Queens,1419,369,369,369,370,370,372,376,377,376,377,380,383,383,382,383,384,384,384,385,386,386,387,387,388,389,391,392,392,390,385,382,382,381,380,381,381,380,379,377,377,379,383,388,393,397,400,403,404,407,411,412,412,413,415,418,422,425,426,427,432,440,448,450,449,454,468,479,480,482,489,495,496,497,496,496,497,502,508,508,508,510,511,510,513,516
62009,11106,New York,NY,New York,New York,1782,420,422,421,432,445,450,457,465,468,468,471,471,468,471,475,475,475,475,473,472,476,485,495,497,496,496,497,494,490,486,480,477,474,469,462,453,447,450,452,451,457,469,475,474,473,476,484,496,504,501,499,508,517,522,536,553,567,574,574,569,567,567,563,553,543,538,536,541,551,559,563,568,575,585,592,592,588,589,592,594,589,584,581,584,589
62012,11201,New York,NY,New York,New York,343,628,627,623,615,608,607,605,603,601,603,608,615,626,641,653,657,659,659,659,661,667,670,669,665,664,666,669,670,672,675,681,687,690,689,684,677,670,668,669,673,679,686,694,703,714,723,727,730,735,741,747,754,762,773,785,793,804,819,830,836,841,845,856,879,901,916,931,943,953,963,974,985,994,1002,1011,1022,1030,1036,1037,1038,1040,1044,1051,1063,1072
62014,11203,New York,NY,New York,Kings,60,273,271,268,264,259,254,249,246,244,244,245,245,245,246,248,249,250,251,251,251,250,249,249,248,248,246,245,244,243,242,242,243,242,241,241,239,237,236,236,236,235,235,236,238,240,240,241,241,240,240,239,239,240,241,242,243,245,248,248,248,249,249,249,252,256,258,259,259,259,260,262,264,266,267,268,267,267,267,269,271,274,276,277,277,277
62015,11204,New York,NY,New York,Kings,33,358,353,349,346,343,339,337,339,340,343,347,352,357,364,367,367,365,362,359,358,357,357,358,357,355,356,357,355,352,350,349,350,353,355,356,358,358,360,364,367,368,369,371,374,377,380,381,381,383,386,389,392,396,400,402,401,399,401,403,405,405,403,405,413,425,434,438,440,442,443,444,448,454,454,450,448,449,453,458,463,465,465,467,467,467
62016,11205,New York,NY,New York,Kings,770,367,367,364,361,359,359,358,355,350,343,337,335,342,354,363,365,367,371,376,378,379,381,381,381,379,378,374,370,367,363,359,357,356,354,348,341,338,334,328,323,322,320,320,330,344,360,376,394,406,415,427,438,443,449,461,469,468,468,473,477,476,475,482,500,523,548,569,581,589,599,609,614,608,594,579,574,585,594,591,585,585,586,581,572,566
62018,11207,New York,NY,New York,Kings,21,274,281,286,286,283,280,275,272,271,269,267,266,266,266,264,261,259,258,259,259,259,259,259,261,263,263,262,263,265,264,263,262,261,261,261,259,258,256,253,252,253,255,255,253,252,253,253,252,251,248,245,243,243,243,244,246,249,253,257,261,262,263,266,274,279,280,280,282,284,284,283,282,282,283,284,284,284,287,289,293,297,301,303,303,302
62019,11208,New York,NY,New York,Kings,17,291,285,280,274,270,266,263,262,261,261,261,261,261,260,258,256,254,250,245,241,239,238,237,238,238,238,238,239,240,239,239,239,239,238,237,236,235,235,234,234,234,235,234,234,233,233,233,233,233,233,233,234,236,238,238,240,242,245,250,253,255,257,258,259,260,260,261,263,266,268,269,269,268,268,268,269,271,276,281,284,286,286,286,288,290
62020,11209,New York,NY,New York,Kings,89,430,428,425,422,419,416,413,412,414,416,419,425,427,427,428,429,429,428,428,429,429,431,432,431,429,429,430,429,428,428,428,430,432,433,434,436,438,439,440,440,439,437,437,439,443,446,449,450,451,453,455,459,463,467,470,474,479,482,481,481,483,486,490,496,504,512,517,519,519,520,520,522,525,527,526,526,529,533,538,542,544,547,552,554,555
62021,11210,New York,NY,New York,Kings,213,348,345,340,335,330,325,322,320,320,320,321,322,324,326,325,323,321,320,318,317,316,316,316,314,312,313,315,315,314,313,313,314,314,312,311,311,310,309,309,310,311,313,314,315,318,323,324,323,324,326,328,330,331,331,333,336,340,344,348,351,352,352,353,357,362,366,368,369,370,371,372,373,374,375,377,382,387,394,399,402,403,403,405,409,412
62023,11212,New York,NY,New York,Kings,34,312,310,306,302,299,295,293,291,289,288,287,285,285,285,283,280,277,275,274,273,271,266,263,262,260,258,258,258,258,257,255,253,254,254,253,250,246,243,240,239,239,239,239,240,243,245,248,250,251,253,255,255,252,248,246,246,246,248,250,253,253,254,253,254,255,257,260,261,261,262,263,264,265,266,266,267,268,270,270,271,271,271,272,271,270
62024,11213,New York,NY,New York,Kings,217,280,276,271,266,262,258,252,249,247,245,242,240,240,243,246,249,255,261,263,266,270,273,275,276,276,275,273,271,267,261,257,256,255,253,254,254,254,254,254,254,254,258,264,269,274,279,281,283,285,286,287,290,296,300,303,305,309,314,318,320,322,324,329,338,349,357,363,368,376,387,399,411,420,432,441,445,446,450,453,455,454,447,443,443,445
62025,11214,New York,NY,New York,Kings,30,350,347,342,339,338,338,338,341,345,350,355,360,364,368,370,370,371,371,372,372,374,374,374,372,371,372,374,373,370,368,368,369,369,368,368,371,373,376,378,380,381,383,384,386,388,389,389,388,387,387,388,388,388,389,390,393,395,398,401,403,405,407,410,416,425,430,433,434,436,438,439,443,446,447,445,443,444,447,451,455,458,461,464,464,463
62026,11215,New York,NY,New York,Kings,144,588,581,572,562,552,544,536,532,529,528,531,536,542,550,557,562,566,570,570,571,574,578,580,581,584,592,598,598,595,597,603,610,614,615,612,608,608,612,617,625,635,648,658,665,671,676,680,683,688,689,688,690,694,700,708,721,738,753,766,781,795,803,812,825,836,842,846,846,844,849,854,855,859,867,874,879,888,899,910,922,932,941,954,968,979
62028,11217,New York,NY,New York,Kings,1139,600,597,590,578,569,564,559,553,548,544,543,549,556,556,555,556,558,558,558,557,559,562,564,567,570,576,582,585,587,591,594,599,604,608,611,610,607,611,619,629,639,648,655,661,666,671,674,676,679,681,683,687,697,711,727,738,749,760,770,780,793,804,817,835,852,862,868,868,866,868,876,886,898,913,926,934,940,943,944,952,966,979,987,998,1008
62029,11218,New York,NY,New York,Kings,69,428,422,415,409,405,401,400,400,401,402,404,408,410,410,410,410,410,408,406,404,403,404,405,402,400,402,402,398,392,388,386,386,385,384,383,385,387,389,393,396,400,402,404,407,412,415,418,420,421,422,425,430,436,441,446,451,458,465,470,477,486,497,504,508,513,519,523,525,526,527,528,529,534,540,539,538,542,551,560,565,569,578,589,598,605
62031,11220,New York,NY,New York,Kings,7,432,427,421,414,408,404,401,399,400,405,408,411,414,419,420,421,423,427,432,434,435,438,443,445,444,445,446,444,439,436,435,437,439,438,436,437,439,441,441,441,442,443,445,447,450,452,454,454,455,457,460,461,463,465,468,469,472,476,477,475,474,474,481,495,511,519,524,528,530,531,532,535,539,542,541,540,543,550,556,560,564,569,575,584,594
62032,11221,New York,NY,New York,Kings,57,236,234,231,228,224,221,219,217,214,212,210,209,209,209,209,207,206,206,206,205,206,208,209,208,208,208,206,204,203,201,200,200,200,201,201,201,203,206,209,211,213,216,219,223,227,230,233,234,234,235,237,242,248,255,263,272,279,287,299,310,314,316,327,345,361,368,375,383,391,399,408,417,427,437,442,446,453,460,466,472,477,482,489,501,514
62033,11222,New York,NY,New York,New York,1557,478,482,478,467,460,457,453,449,444,443,453,469,478,479,486,496,506,513,518,521,525,528,531,532,533,534,534,535,535,534,537,545,552,554,552,547,544,542,543,548,555,560,569,582,593,598,601,601,608,621,636,647,658,665,670,678,691,711,728,740,752,762,770,783,800,817,833,847,859,870,881,885,890,898,907,915,927,936,938,940,950,964,981,999,1013
62034,11223,New York,NY,New York,Kings,54,397,394,390,388,387,385,383,385,387,390,395,400,401,402,403,402,401,401,400,398,397,400,402,402,402,405,409,409,408,407,406,405,404,403,403,405,407,407,407,409,412,414,415,418,421,423,423,421,421,423,425,426,427,428,431,434,437,439,441,443,447,451,456,465,475,482,487,492,498,500,500,501,504,503,499,498,501,505,510,514,517,521,525,527,529
62035,11224,New York,NY,New York,Kings,892,321,331,335,338,342,346,349,353,360,370,374,371,364,358,353,349,346,346,350,354,356,355,358,363,368,367,365,363,358,350,345,344,345,344,340,339,339,338,336,338,343,346,347,348,352,357,361,361,359,357,357,356,354,353,352,350,344,339,338,342,345,348,350,349,347,353,359,358,355,359,363,362,361,362,365,367,370,373,378,383,383,376,372,373,374
62036,11225,New York,NY,New York,Kings,207,329,323,318,315,312,310,308,306,303,301,301,302,305,308,313,315,315,313,312,312,313,315,316,316,315,314,314,313,312,312,313,314,315,316,317,319,322,326,329,329,331,334,336,339,342,346,349,351,354,357,361,365,371,375,378,383,389,395,398,404,410,412,416,425,436,446,457,465,469,472,478,482,486,492,500,507,514,522,528,534,543,553,564,577,588
62037,11226,New York,NY,New York,Kings,5,334,332,329,325,324,322,320,317,314,312,311,310,310,311,312,314,315,316,314,313,313,315,317,316,316,317,317,314,311,309,308,307,307,305,304,301,300,301,302,301,302,303,303,304,305,307,311,316,321,324,324,325,326,327,331,340,347,353,358,363,364,364,375,393,409,417,424,431,439,444,445,445,447,448,447,446,447,450,454,458,460,459,461,466,470
62038,11228,New York,NY,New York,Kings,731,388,385,380,377,375,374,372,373,375,379,384,389,391,393,394,394,395,397,399,400,402,405,407,406,406,408,409,408,407,405,404,405,405,403,402,403,404,404,405,407,407,407,407,409,412,415,417,417,419,422,425,425,426,427,429,430,431,433,437,438,440,443,447,453,460,466,472,475,478,479,480,482,485,486,486,488,492,496,501,507,513,518,524,530,535
62039,11229,New York,NY,New York,Kings,47,360,356,351,349,347,345,344,344,347,349,353,359,364,366,365,365,364,363,361,359,357,357,356,355,354,355,356,353,351,350,351,351,351,350,351,352,353,353,354,356,358,359,361,364,367,369,370,369,368,368,370,371,371,369,367,367,369,372,373,372,373,375,378,381,384,386,386,386,386,385,383,383,384,384,382,381,384,388,391,395,397,400,404,406,407
62040,11230,New York,NY,New York,Kings,48,403,397,391,388,387,384,380,378,378,380,383,385,385,386,385,383,381,379,377,377,376,377,377,377,376,375,375,373,370,368,368,370,370,369,369,369,371,374,379,383,385,387,389,393,398,402,403,402,402,404,406,408,409,410,413,415,417,422,430,435,438,439,441,446,453,459,463,467,471,472,472,475,480,482,482,484,489,495,501,504,503,503,506,507,506
62041,11231,New York,NY,New York,Kings,1518,607,600,593,586,582,582,582,581,581,582,585,589,595,600,601,599,598,600,604,608,606,602,601,604,608,612,617,620,621,621,623,628,638,645,647,645,644,649,658,665,671,676,681,686,692,698,703,708,712,713,712,714,719,728,737,743,752,765,777,787,797,799,806,826,847,859,869,872,873,882,899,910,919,936,956,968,975,985,992,995,994,989,990,997,1002
62042,11232,New York,NY,New York,Kings,3074,478,471,467,463,458,454,450,445,446,453,461,467,476,488,496,498,498,497,496,495,490,485,482,480,479,482,485,482,473,467,467,471,472,469,470,472,470,464,460,460,461,462,462,460,461,466,471,472,474,476,476,476,482,487,493,502,517,532,536,538,544,550,552,555,560,567,571,574,579,582,585,592,601,608,616,621,624,627,633,638,635,626,624,629,633
62043,11233,New York,NY,New York,Kings,163,281,280,279,275,270,266,260,253,248,245,241,238,237,237,237,236,236,239,244,249,251,254,257,260,262,263,263,262,263,261,261,265,266,262,259,259,263,266,267,269,275,280,279,276,274,272,272,275,279,283,287,290,292,297,306,317,330,344,352,355,357,356,365,377,387,391,396,400,407,422,440,452,459,461,457,453,454,457,464,475,482,482,482,490,495
62044,11234,New York,NY,New York,Kings,11,347,344,341,337,334,330,328,326,325,325,327,329,331,333,333,333,334,334,334,334,335,335,336,337,336,335,335,334,331,330,331,331,331,330,328,326,325,325,326,327,328,328,328,328,330,333,334,333,332,331,331,330,330,330,331,333,336,339,341,343,344,345,345,345,344,344,344,344,343,340,338,338,339,340,342,343,345,347,348,350,353,356,358,360,362
62045,11235,New York,NY,New York,Kings,51,430,427,422,420,417,413,410,408,408,410,417,427,435,441,442,442,443,445,445,446,448,449,448,445,442,442,444,443,441,439,439,439,440,440,441,444,445,445,445,448,449,450,451,452,452,451,448,443,441,439,438,437,436,436,440,444,448,453,456,457,458,460,462,465,467,466,463,461,461,463,466,469,472,472,471,472,474,477,480,485,486,486,486,489,491
62046,11236,New York,NY,New York,Kings,13,334,333,328,324,319,315,312,309,307,306,307,307,307,307,307,308,307,305,304,303,302,301,301,300,300,299,299,298,297,297,296,294,293,292,291,290,289,287,284,283,283,283,282,282,284,285,284,283,282,281,281,282,283,285,289,292,296,299,300,299,298,298,298,297,295,295,295,293,290,289,289,290,290,292,295,298,300,300,299,300,302,303,304,305,305
62048,11238,New York,NY,New York,Kings,312,484,480,474,468,463,460,455,449,443,439,436,435,439,449,458,464,468,469,468,467,470,475,479,482,484,486,485,484,482,482,486,491,494,495,495,494,494,498,505,510,515,523,531,541,547,553,561,570,577,582,585,592,601,607,613,619,629,644,662,677,689,697,704,718,736,749,758,765,772,779,787,793,803,814,820,825,834,846,856,866,874,881,893,907,919
62066,11354,New York,NY,New York,Queens,298,363,368,369,371,374,379,381,381,380,381,383,384,382,377,373,376,384,394,401,407,410,409,409,410,410,411,413,415,415,414,414,416,417,419,422,422,419,415,416,417,416,414,412,411,411,411,411,413,417,423,429,429,423,420,424,431,438,445,450,453,459,466,471,472,474,478,483,489,496,499,500,497,496,495,494,492,493,498,501,502,499,492,490,494,497
62067,11355,New York,NY,New York,Queens,49,333,340,342,344,346,348,349,351,353,359,368,376,378,374,368,369,382,400,414,421,425,430,433,435,436,440,446,448,446,442,440,440,440,439,438,438,436,434,434,432,430,429,431,431,432,433,434,436,438,438,439,439,438,436,438,444,453,461,466,469,472,476,482,489,492,490,491,493,494,494,493,490,489,490,491,492,496,504,509,512,508,501,495,490,483
62068,11356,New York,NY,New York,Queens,3446,346,345,343,340,339,338,337,334,333,333,333,332,333,333,332,332,334,337,338,339,339,339,339,341,342,342,341,338,336,334,333,333,333,333,332,332,332,330,328,326,325,326,326,326,324,324,325,326,326,328,332,336,337,339,342,346,349,353,356,358,360,363,366,370,374,376,379,384,388,391,393,395,396,397,398,401,405,408,411,413,417,421,425,430,435
62069,11357,New York,NY,New York,Queens,790,418,416,413,410,407,406,406,405,407,408,411,413,417,419,418,415,414,414,415,415,416,415,415,415,416,417,418,421,420,418,417,417,416,414,415,415,415,413,411,409,409,411,411,410,410,411,412,412,413,414,417,419,422,423,426,429,432,435,437,438,441,448,453,454,454,455,458,462,466,469,472,473,474,478,481,485,490,494,496,499,504,508,512,517,522
62070,11358,New York,NY,New York,Queens,1405,376,376,375,373,372,370,369,368,369,370,373,376,378,378,377,376,377,378,379,379,380,380,379,379,379,379,379,378,376,374,374,373,373,374,375,375,375,374,373,373,374,376,377,376,375,375,376,376,376,376,379,382,384,387,390,393,396,398,401,405,410,415,419,421,421,422,424,428,433,437,439,440,441,443,445,447,450,454,457,460,463,465,468,471,474
62072,11360,New York,NY,New York,Queens,4554,404,403,400,402,410,420,430,439,445,451,460,464,466,472,481,485,484,485,488,490,491,489,484,480,480,478,474,469,466,465,465,463,459,460,469,480,485,488,492,494,493,493,494,493,492,491,490,491,491,489,489,492,497,502,505,505,505,505,506,512,519,522,524,528,527,516,510,515,527,540,549,547,542,539,539,539,541,540,533,532,528,519,507,496,485
62073,11361,New York,NY,New York,Queens,2386,416,413,411,409,407,406,404,402,402,404,407,410,412,413,412,410,410,411,412,412,412,412,411,411,411,412,413,413,412,410,409,409,411,412,413,414,415,414,412,411,412,412,412,410,408,407,407,407,407,407,410,412,414,417,419,422,426,429,432,435,439,444,449,452,453,455,460,465,469,472,476,477,478,480,482,483,486,491,495,499,501,502,504,507,510
62074,11362,New York,NY,New York,Queens,4614,420,417,414,410,408,408,408,408,409,411,412,414,416,417,418,417,416,416,417,417,417,416,416,418,420,418,415,413,411,408,408,409,407,406,406,405,404,405,407,409,411,412,413,412,411,411,412,412,411,412,415,419,422,423,425,428,430,431,433,437,442,448,451,451,451,452,453,455,457,459,460,460,461,462,462,464,468,473,477,481,484,487,491,495,497
62075,11363,New York,NY,New York,Queens,9557,462,459,455,453,454,456,459,461,462,463,464,465,465,465,464,460,457,456,456,455,453,451,450,451,453,453,452,449,445,440,438,438,439,441,442,444,443,442,442,443,446,449,449,447,445,443,441,439,439,441,445,450,455,460,464,466,466,466,468,471,475,480,485,488,486,482,480,481,484,488,492,493,494,497,496,494,496,500,506,513,520,527,532,538,544
62076,11364,New York,NY,New York,Queens,1538,427,426,425,422,420,418,416,415,415,418,420,422,424,424,424,424,425,426,427,427,425,424,423,423,423,422,422,422,419,417,416,416,416,416,417,419,420,418,415,412,411,411,411,410,409,409,409,410,412,414,416,418,421,425,429,434,438,441,444,448,451,457,462,463,462,462,465,469,473,478,481,481,482,484,486,489,492,496,498,502,505,505,505,508,510
62077,11365,New York,NY,New York,Queens,1395,387,386,385,384,384,382,380,379,380,382,384,386,388,389,390,391,393,394,395,395,396,395,395,394,395,395,394,392,391,390,390,391,391,391,391,391,390,391,391,391,391,393,393,392,391,392,392,391,391,391,392,394,396,398,400,403,406,408,412,415,419,423,426,428,428,428,432,437,440,444,447,447,449,452,453,454,458,462,466,468,468,468,472,478,484
62078,11366,New York,NY,New York,Queens,6031,394,391,388,385,383,381,379,377,376,376,375,375,377,377,378,380,382,382,382,382,382,382,383,384,384,384,384,384,384,383,383,383,383,383,383,382,381,381,383,384,385,385,386,387,388,390,392,394,395,398,401,403,407,411,415,419,421,423,424,427,432,437,439,439,438,438,440,443,447,452,457,460,463,466,469,472,476,480,484,487,492,497,501,505,509
62079,11367,New York,NY,New York,Queens,883,325,325,325,326,328,329,329,329,329,330,332,335,337,339,339,338,338,339,340,341,343,345,347,349,349,349,348,347,344,342,342,343,343,344,344,345,344,339,338,339,341,343,345,344,344,345,348,349,351,353,357,359,361,363,365,369,372,374,377,379,381,384,386,386,386,387,390,394,399,404,407,409,413,414,415,416,420,423,424,426,426,421,415,409,405
62080,11368,New York,NY,New York,Queens,1,363,361,361,364,367,368,367,365,363,363,364,367,366,364,361,359,358,357,358,360,361,362,365,367,369,371,373,374,374,376,378,379,377,374,371,368,367,368,370,369,367,367,367,367,367,368,368,370,372,372,370,368,367,366,370,375,381,387,394,398,402,408,412,417,425,431,436,446,454,458,458,456,457,459,461,463,466,468,468,466,468,478,485,487,486
62081,11369,New York,NY,New York,Queens,1936,309,309,307,305,302,299,297,297,297,298,298,298,297,294,289,285,283,282,282,280,278,276,275,276,276,275,275,274,273,273,273,272,272,272,272,273,273,273,272,272,273,274,273,272,271,272,272,271,271,272,273,274,276,278,282,287,292,297,300,303,307,312,316,317,315,316,319,323,325,327,328,328,328,330,333,337,342,346,348,350,352,355,360,366,372
62084,11372,New York,NY,New York,Queens,199,,,,,330,337,341,346,347,348,350,351,350,346,343,344,348,353,359,364,367,368,368,369,370,369,370,371,370,372,377,379,378,376,376,374,372,369,366,365,364,363,362,363,363,363,362,360,357,353,350,347,347,354,363,370,374,377,381,387,391,395,398,401,403,403,406,418,436,444,441,437,435,434,433,432,435,441,446,448,439,426,418,410,400
62085,11373,New York,NY,New York,Queens,18,352,362,366,370,373,375,375,375,374,374,376,377,375,371,368,367,369,373,377,379,381,384,387,389,390,391,391,391,389,390,392,393,393,393,393,392,390,388,385,383,382,381,378,376,376,376,377,377,377,376,376,378,380,384,390,395,400,407,413,414,413,412,412,412,412,413,419,429,438,442,443,443,443,446,449,450,452,454,455,454,451,447,446,446,445
62086,11374,New York,NY,New York,Queens,838,343,346,348,353,357,357,359,363,365,368,374,380,381,381,380,380,382,387,389,387,385,385,384,385,386,386,384,383,381,381,381,380,379,378,379,381,380,379,380,381,381,380,379,379,378,379,381,380,379,379,382,388,394,402,408,411,416,421,424,425,427,433,437,436,433,433,435,441,451,457,458,457,460,461,458,457,457,457,458,462,460,454,453,453,452
62087,11375,New York,NY,New York,Queens,84,438,443,446,449,453,456,457,457,459,463,470,475,478,479,476,469,465,467,471,474,475,475,475,475,476,475,474,472,468,461,456,451,448,447,447,448,449,448,449,451,453,456,460,462,464,465,466,465,463,462,463,463,465,470,474,477,478,480,483,486,490,495,499,503,506,506,508,512,517,520,520,518,519,519,518,520,525,529,530,532,533,534,537,539,539
62088,11377,New York,NY,New York,Queens,26,352,351,352,355,356,357,360,362,361,362,365,365,362,359,356,353,352,354,356,358,359,360,360,361,361,361,361,360,359,357,354,351,349,349,349,350,351,352,353,353,355,356,358,358,359,359,361,363,364,365,367,370,374,376,379,383,389,396,400,403,408,414,419,419,417,416,419,424,425,426,428,428,431,435,439,441,446,450,453,456,458,457,455,456,457
62089,11378,New York,NY,New York,Queens,1832,360,360,359,357,354,351,347,345,344,347,350,349,345,339,334,331,330,328,328,327,325,324,322,323,325,327,328,329,328,327,326,326,326,326,325,325,325,323,322,321,323,326,329,329,329,328,327,328,329,329,329,330,332,335,339,343,347,352,356,361,364,369,373,373,370,369,370,373,377,381,384,385,386,389,393,398,404,410,414,417,419,422,424,426,427
62090,11379,New York,NY,New York,Queens,1869,354,356,356,356,353,350,348,348,348,351,354,357,357,356,353,351,349,350,351,352,352,352,351,352,353,353,353,352,350,348,347,347,348,349,350,351,350,349,348,348,349,352,353,352,351,350,350,350,351,351,352,354,358,361,364,367,370,372,374,375,376,379,382,384,385,387,391,394,398,403,406,408,410,414,416,419,421,424,427,430,432,435,438,441,443
62093,11385,New York,NY,New York,Queens,6,322,320,317,316,314,314,316,318,320,322,322,321,321,321,320,320,319,319,319,318,317,316,315,315,315,316,315,313,311,308,307,305,304,303,303,303,303,302,302,303,305,307,308,307,306,307,309,310,310,310,310,311,315,318,322,326,329,332,335,337,340,344,347,347,346,345,346,348,352,354,356,357,359,362,364,365,366,368,371,373,375,377,379,381,383
62097,11411,New York,NY,New York,Queens,5151,313,309,305,302,299,296,293,290,286,283,281,280,280,280,280,280,281,282,282,282,282,282,280,279,278,278,278,278,277,277,276,274,271,270,270,269,268,268,269,270,271,272,273,273,275,277,278,278,278,279,280,281,282,282,283,284,285,286,287,288,290,293,293,291,289,288,289,291,293,294,295,295,296,298,298,298,299,301,302,304,305,307,309,310,311
62098,11412,New York,NY,New York,Queens,1647,259,256,253,251,248,246,245,243,241,240,238,237,235,233,233,233,234,234,232,231,229,228,227,226,225,225,225,224,224,223,223,223,223,223,222,222,221,222,223,224,226,227,229,230,232,233,234,235,236,237,238,239,239,240,240,241,241,242,244,245,247,249,249,248,246,245,246,247,249,250,252,253,255,257,258,259,259,260,261,262,264,267,269,271,273
62099,11413,New York,NY,New York,Queens,1185,279,276,272,269,265,262,259,257,254,254,254,254,254,253,253,253,252,252,252,252,252,251,250,250,250,250,250,249,248,247,246,244,243,242,241,240,240,241,243,245,247,249,250,251,251,251,252,252,251,250,250,251,254,256,256,256,257,258,259,260,262,263,264,262,261,260,262,265,268,270,271,272,272,272,273,274,275,276,278,280,282,283,284,287,289
62100,11414,New York,NY,New York,Queens,2791,306,303,301,299,298,297,297,297,296,296,298,299,299,300,302,303,304,305,306,306,306,306,305,303,303,302,300,299,297,295,293,293,293,291,290,289,289,287,287,287,288,289,290,289,287,287,287,286,285,284,285,287,290,291,291,290,289,288,290,292,293,294,293,290,287,286,287,289,291,292,292,292,293,293,294,296,297,297,297,296,295,296,297,297,297
62101,11415,New York,NY,New York,Queens,5064,337,346,350,351,347,345,347,348,346,345,347,348,348,344,337,331,330,331,330,329,330,330,329,331,335,337,339,339,335,331,328,324,322,321,320,316,313,311,311,313,318,325,333,339,342,343,343,340,336,334,335,337,340,342,345,348,349,353,361,367,372,377,381,385,390,390,387,391,401,407,406,401,394,388,384,381,381,384,385,383,382,382,383,387,390
62102,11416,New York,NY,New York,Queens,3974,287,283,278,274,270,266,262,258,255,252,249,248,248,248,249,251,253,254,255,256,255,254,253,253,254,253,252,250,249,248,246,244,243,241,241,242,243,242,241,240,240,240,241,242,244,244,243,243,242,245,248,250,251,254,255,256,257,259,261,264,268,270,273,278,281,283,287,290,294,297,300,300,300,300,300,300,303,305,309,314,319,324,328,330,333
62103,11417,New York,NY,New York,Queens,2533,309,305,302,298,294,290,286,282,278,276,275,275,275,275,276,278,279,279,280,281,282,282,282,281,281,281,281,279,278,277,275,274,274,274,274,274,273,271,270,271,271,272,272,271,270,269,269,270,270,271,273,277,280,283,285,287,291,294,295,298,303,306,307,305,304,303,303,304,307,311,314,316,317,319,321,324,327,330,334,336,338,338,338,339,340
62104,11418,New York,NY,New York,Queens,1514,288,285,282,280,278,277,275,274,273,272,272,270,268,266,265,264,264,264,264,265,265,264,263,263,263,264,264,263,263,263,263,262,261,262,263,263,263,262,262,262,262,263,262,262,262,263,263,262,261,261,262,265,268,271,274,277,278,279,281,285,290,293,295,295,295,295,297,301,305,309,311,313,315,316,318,318,320,321,323,325,328,330,332,331,331
62105,11419,New York,NY,New York,Queens,981,290,285,280,277,275,273,271,269,266,263,261,260,258,256,256,255,254,254,255,256,257,257,257,257,258,259,258,257,256,256,255,254,254,253,253,253,253,253,253,254,256,258,258,257,257,258,259,259,259,259,261,264,268,270,271,271,273,275,276,278,281,284,286,287,285,285,288,291,294,296,298,298,299,300,300,301,302,304,306,308,311,315,319,321,323
62106,11420,New York,NY,New York,Queens,430,319,313,306,299,292,286,280,274,270,268,267,266,266,266,266,267,268,269,270,272,272,272,271,270,269,268,267,266,265,264,264,263,262,263,263,263,263,263,263,265,267,269,270,272,273,275,276,276,277,278,279,281,284,286,288,289,291,292,294,296,300,304,305,304,301,301,301,303,305,308,309,309,310,311,314,316,318,320,322,324,326,327,327,330,333
62107,11421,New York,NY,New York,Queens,794,280,276,271,268,265,262,259,255,252,250,249,249,249,250,250,251,252,252,252,252,252,252,252,252,252,253,253,252,251,250,250,249,249,248,247,246,245,245,246,247,248,248,248,250,251,253,254,254,254,254,255,256,258,258,259,261,263,265,268,270,273,276,278,280,281,282,285,287,290,294,298,299,300,301,300,300,302,305,308,310,310,310,313,318,322
62108,11422,New York,NY,New York,Queens,2605,295,292,290,287,284,281,278,277,276,274,274,274,272,271,270,270,270,270,270,270,270,269,268,267,266,266,265,264,264,263,261,259,258,256,255,254,254,255,257,259,259,261,262,262,262,262,263,264,264,262,263,265,268,270,271,273,274,275,276,278,281,284,284,281,276,275,277,280,283,286,287,287,287,288,289,289,290,291,292,293,294,295,297,300,302
62109,11423,New York,NY,New York,Queens,3345,293,290,287,283,279,276,274,271,268,265,264,263,262,261,261,263,264,264,262,261,261,261,260,259,257,255,253,251,249,247,247,248,249,248,248,248,249,249,250,252,253,255,257,257,258,258,259,260,262,263,265,268,271,273,275,277,280,281,282,284,286,289,290,289,289,289,291,291,293,297,300,302,303,304,305,307,308,309,311,312,314,316,318,318,319
62112,11426,New York,NY,New York,Queens,5744,332,328,326,323,321,320,319,318,317,317,317,317,317,317,319,322,324,324,324,326,326,326,324,324,324,324,324,324,324,323,323,323,322,321,319,318,317,317,319,321,321,321,322,322,323,325,326,327,328,329,329,331,333,334,335,336,339,342,346,349,353,357,359,358,356,356,359,363,367,369,369,368,368,369,368,366,367,370,372,373,373,374,377,380,383
62113,11427,New York,NY,New York,Queens,3179,330,328,327,325,323,319,317,314,311,309,309,308,308,308,306,306,308,309,309,309,308,306,304,304,305,305,304,303,302,301,300,300,299,298,297,296,295,295,297,298,298,299,301,301,303,306,308,309,309,310,313,316,319,321,323,326,329,332,336,339,343,347,348,347,344,343,344,345,348,350,351,351,352,352,352,351,353,356,360,362,363,363,364,367,369
62114,11428,New York,NY,New York,Queens,4657,308,305,302,300,298,294,291,288,284,280,278,277,277,276,276,277,278,279,278,277,276,277,278,278,278,278,277,275,273,271,271,270,268,268,266,265,265,265,265,265,265,265,266,268,270,273,275,277,278,279,282,284,287,289,291,294,297,298,299,300,303,305,305,303,301,302,303,304,305,309,313,314,314,315,317,318,320,323,326,328,329,329,329,331,334
62115,11429,New York,NY,New York,Queens,2837,278,275,271,269,265,261,258,255,252,251,251,250,249,249,250,252,252,251,251,250,250,249,248,246,246,244,242,240,240,239,239,240,239,239,239,238,237,236,236,237,239,241,241,242,244,245,246,247,248,249,250,252,253,254,254,253,253,253,253,254,257,259,260,259,259,261,263,266,268,271,273,275,276,278,280,280,281,282,283,285,287,289,291,293,294
62118,11432,New York,NY,New York,Queens,305,357,353,347,343,340,337,333,329,327,326,324,322,320,317,317,318,319,319,318,317,317,315,314,313,312,312,312,311,310,309,308,307,306,307,308,309,310,312,313,315,316,318,320,320,320,321,322,323,324,325,328,331,334,337,339,341,344,348,352,355,358,362,364,363,362,363,366,370,374,377,380,380,380,381,382,383,385,387,389,391,394,398,401,405,410
62119,11433,New York,NY,New York,Queens,2793,307,306,303,299,294,290,286,283,280,275,270,267,263,260,259,259,258,257,256,254,254,254,253,252,251,248,245,243,242,241,239,238,236,235,235,235,236,236,237,239,241,242,243,242,242,242,242,241,240,242,245,247,249,250,250,250,251,252,254,256,259,262,263,263,261,262,266,271,273,276,278,277,277,279,280,281,283,285,286,287,289,291,294,297,299
62120,11434,New York,NY,New York,Queens,171,291,289,286,282,278,274,271,267,264,262,260,258,256,254,253,253,253,253,252,251,250,249,247,245,244,243,242,241,239,238,236,235,234,233,233,233,233,233,235,238,241,244,245,245,245,246,247,249,250,250,251,252,253,254,254,256,258,260,261,262,265,268,269,269,268,267,270,272,275,278,280,281,281,282,283,284,286,288,290,292,294,295,298,301,304
62121,11435,New York,NY,New York,Queens,352,317,314,311,307,301,294,289,285,281,279,277,274,271,269,268,268,268,267,266,267,270,271,271,271,270,269,267,265,262,261,260,259,257,255,253,253,254,253,252,254,257,260,262,262,261,262,262,263,263,264,266,269,272,274,277,280,282,284,286,287,290,292,293,294,294,295,297,299,301,304,307,308,309,311,312,312,312,315,318,321,326,332,336,340,343
62122,11436,New York,NY,New York,Queens,6696,328,324,319,313,306,299,292,288,284,281,277,272,268,263,259,257,255,255,256,257,257,257,256,255,254,253,252,250,249,247,246,244,241,238,237,236,237,238,240,244,247,249,250,251,251,252,253,254,255,256,258,260,263,265,266,266,268,271,275,280,283,287,289,289,286,286,288,290,292,294,295,296,298,300,301,303,306,310,313,316,320,324,328,331,335
62179,11691,New York,NY,New York,Queens,175,270,271,271,268,266,264,262,260,258,256,256,255,253,253,254,252,250,248,247,246,245,243,240,239,238,237,237,238,236,233,229,227,227,228,227,226,227,228,228,229,230,232,234,237,239,239,239,240,241,241,240,240,241,242,244,245,244,245,248,249,247,244,246,248,251,251,252,255,258,261,262,263,264,263,261,260,260,261,262,262,261,261,262,262,262
62180,11692,New York,NY,New York,Queens,5269,251,255,254,253,250,246,245,243,240,238,237,235,233,231,231,231,231,230,228,225,222,217,213,213,214,215,215,215,213,213,212,210,208,207,205,201,199,198,196,195,195,195,195,195,197,200,204,209,211,212,212,209,208,207,207,211,214,215,217,217,214,210,209,213,215,215,220,226,228,227,225,225,226,227,227,226,226,227,226,224,224,227,232,233,234
62181,11693,New York,NY,New York,Queens,7363,301,308,314,317,317,316,314,311,308,306,306,303,300,298,294,289,287,288,289,288,287,286,283,282,282,282,283,279,274,270,267,266,266,267,267,268,269,267,267,270,273,274,274,274,275,278,281,282,285,287,288,288,290,290,290,290,292,290,290,289,287,281,282,288,292,294,295,296,295,298,299,299,298,296,295,297,299,297,295,296,295,292,290,285,280
62182,11694,New York,NY,New York,Queens,3934,373,379,383,383,383,384,385,384,381,378,378,377,373,370,370,370,372,373,373,373,373,371,367,362,360,359,357,355,351,349,349,350,351,351,348,347,350,352,353,355,355,354,355,357,361,365,369,372,372,372,372,372,370,366,362,358,354,351,350,348,345,345,343,340,336,334,334,335,338,341,343,343,340,339,340,342,345,348,350,350,352,355,358,362,364
