ZIP code,Adjusted gross income (AGI),year
00000,658574858,2011
10001,1764658,2011
10002,1840625,2011
10003,5576134,2011
10004,698981,2011
10005,3658870,2011
10006,496062,2011
10007,1489310,2011
10009,2136297,2011
10010,3235832,2011
10011,6110123,2011
10012,2448742,2011
10013,4346730,2011
10014,4207501,2011
10016,6156381,2011
10017,3723087,2011
10018,2184827,2011
10019,5955870,2011
10021,10170458,2011
10022,8031973,2011
10023,9262132,2011
10024,8309833,2011
10025,5674434,2011
10026,895834,2011
10027,1255215,2011
10028,7499720,2011
10029,1498844,2011
10030,442664,2011
10031,941517,2011
10032,939512,2011
10033,1039758,2011
10034,730471,2011
10035,539312,2011
10036,3094898,2011
10037,414988,2011
10038,1152628,2011
10039,434461,2011
10040,763006,2011
10044,334528,2011
10065,5673429,2011
10069,1060915,2011
10075,4891555,2011
10128,9248949,2011
10162,156579,2011
10280,681788,2011
10282,941279,2011
10301,1060112,2011
10302,351169,2011
10303,475577,2011
10304,1106371,2011
10305,1063397,2011
10306,1710838,2011
10307,495561,2011
10308,887964,2011
10309,1085288,2011
10310,593078,2011
10312,2095156,2011
10314,2474400,2011
10451,631047,2011
10452,880419,2011
10453,893387,2011
10454,342812,2011
10455,409001,2011
10456,937025,2011
10457,758321,2011
10458,843375,2011
10459,551603,2011
10460,619875,2011
10461,1034941,2011
10462,1416468,2011
10463,1819861,2011
10464,154161,2011
10465,1038556,2011
10466,1074029,2011
10467,1315911,2011
10468,983160,2011
10469,1254721,2011
10470,326757,2011
10471,1043382,2011
10472,725597,2011
10473,979219,2011
10474,115960,2011
10475,934806,2011
10501,92077,2011
10502,373885,2011
10504,2200227,2011
10505,58106,2011
10506,961752,2011
10507,412745,2011
10509,785805,2011
10510,1215057,2011
10511,75532,2011
10512,950177,2011
10514,2106465,2011
10516,258142,2011
10518,111181,2011
10520,715116,2011
10522,633882,2011
10523,320918,2011
10524,303565,2011
10526,132367,2011
10527,57870,2011
10528,1268512,2011
10530,782399,2011
10532,218405,2011
10533,785857,2011
10535,21173,2011
10536,1193338,2011
10537,70351,2011
10538,2513053,2011
10541,983814,2011
10543,1391945,2011
10546,132650,2011
10547,256855,2011
10548,117164,2011
10549,1463965,2011
10550,633901,2011
10552,719180,2011
10553,254274,2011
10560,378655,2011
10562,1148606,2011
10566,607827,2011
10567,923255,2011
10570,892979,2011
10573,1554546,2011
10576,640833,2011
10577,1074834,2011
10578,34979,2011
10579,363864,2011
10580,3773019,2011
10583,6551793,2011
10588,97196,2011
10589,502773,2011
10590,476880,2011
10591,1297582,2011
10594,241388,2011
10595,343853,2011
10597,147807,2011
10598,1416986,2011
10601,714715,2011
10603,715689,2011
10604,628038,2011
10605,1320776,2011
10606,578933,2011
10607,315383,2011
10701,1193013,2011
10703,496920,2011
10704,921623,2011
10705,762948,2011
10706,616471,2011
10707,487411,2011
10708,2513623,2011
10709,530168,2011
10710,954615,2011
10801,1095414,2011
10803,1129277,2011
10804,1421641,2011
10805,575224,2011
10901,1111347,2011
10913,286046,2011
10916,171964,2011
10917,87557,2011
10918,393471,2011
10919,36056,2011
10920,343338,2011
10921,147886,2011
10923,274249,2011
10924,497940,2011
10925,157757,2011
10926,123493,2011
10927,229723,2011
10928,114270,2011
10930,354512,2011
10931,25003,2011
10940,1099695,2011
10941,378200,2011
10950,1073660,2011
10952,946097,2011
10954,912655,2011
10956,1664669,2011
10958,98694,2011
10960,710732,2011
10962,274281,2011
10963,72084,2011
10964,122751,2011
10965,644142,2011
10968,144249,2011
10969,36913,2011
10970,388567,2011
10973,73838,2011
10974,120179,2011
10975,9182,2011
10976,52105,2011
10977,1224249,2011
10980,523785,2011
10983,265355,2011
10984,100220,2011
10985,11696,2011
10986,74023,2011
10987,290007,2011
10989,400322,2011
10990,904900,2011
10992,330290,2011
10993,104501,2011
10994,425823,2011
10996,72425,2011
10998,102805,2011
11001,1066389,2011
11003,1070319,2011
11004,402259,2011
11005,165894,2011
11010,800185,2011
11020,465409,2011
11021,1374167,2011
11023,572161,2011
11024,830741,2011
11030,2638636,2011
11040,1789402,2011
11050,2550370,2011
11096,133232,2011
11101,752148,2011
11102,785433,2011
11103,851099,2011
11104,682268,2011
11105,918443,2011
11106,919635,2011
11109,296329,2011
11201,4212181,2011
11203,1292232,2011
11204,1457111,2011
11205,880093,2011
11206,1008639,2011
11207,1141741,2011
11208,1139684,2011
11209,2177089,2011
11210,1694790,2011
11211,1430155,2011
11212,1004941,2011
11213,889982,2011
11214,1476012,2011
11215,3510702,2011
11216,924734,2011
11217,1614210,2011
11218,1439659,2011
11219,1176800,2011
11220,1236294,2011
11221,1024645,2011
11222,1169298,2011
11223,1807640,2011
11224,699393,2011
11225,1095064,2011
11226,1586286,2011
11228,1029278,2011
11229,1788379,2011
11230,1998084,2011
11231,1582663,2011
11232,383857,2011
11233,914273,2011
11234,2288358,2011
11235,1903926,2011
11236,1790380,2011
11237,590083,2011
11238,1792263,2011
11239,235674,2011
11354,953897,2011
11355,1240366,2011
11356,451063,2011
11357,1409042,2011
11358,936393,2011
11360,772189,2011
11361,810753,2011
11362,604640,2011
11363,355595,2011
11364,1035265,2011
11365,1020905,2011
11366,401878,2011
11367,984217,2011
11368,1165306,2011
11369,542296,2011
11370,491125,2011
11372,1274752,2011
11373,1421394,2011
11374,1146082,2011
11375,2755827,2011
11377,1530032,2011
11378,777966,2011
11379,1010389,2011
11385,1791210,2011
11411,491099,2011
11412,704992,2011
11413,893148,2011
11414,774280,2011
11415,527211,2011
11416,361439,2011
11417,546134,2011
11418,625652,2011
11419,726811,2011
11420,774780,2011
11421,691448,2011
11422,692049,2011
11423,623483,2011
11426,504462,2011
11427,601664,2011
11428,433963,2011
11429,496960,2011
11430,9162,2011
11432,1097124,2011
11433,481267,2011
11434,1174304,2011
11435,919179,2011
11436,314322,2011
11501,724906,2011
11507,374744,2011
11509,240146,2011
11510,1183405,2011
11514,177923,2011
11516,365702,2011
11518,476273,2011
11520,1092040,2011
11530,2702938,2011
11542,965744,2011
11545,1632893,2011
11548,69821,2011
11550,1024141,2011
11552,847726,2011
11553,537924,2011
11554,1374192,2011
11557,691186,2011
11558,278075,2011
11559,839302,2011
11560,865319,2011
11561,1682972,2011
11563,845632,2011
11565,410079,2011
11566,1920632,2011
11568,855021,2011
11570,1775640,2011
11572,1284373,2011
11575,331149,2011
11576,1485769,2011
11577,871697,2011
11579,309096,2011
11580,1238026,2011
11581,808201,2011
11590,1431776,2011
11596,538168,2011
11598,922494,2011
11691,787092,2011
11692,279923,2011
11693,257586,2011
11694,667341,2011
11697,173868,2011
11701,723930,2011
11702,686250,2011
11703,530406,2011
11704,1135406,2011
11705,366648,2011
11706,1588438,2011
11709,321596,2011
11710,1515037,2011
11713,301833,2011
11714,828804,2011
11715,189847,2011
11716,366566,2011
11717,1009106,2011
11718,235693,2011
11719,137495,2011
11720,924347,2011
11721,441964,2011
11722,713673,2011
11724,444732,2011
11725,1326081,2011
11726,475489,2011
11727,831339,2011
11729,816163,2011
11730,591408,2011
11731,1232439,2011
11732,229063,2011
11733,2234899,2011
11735,1227877,2011
11738,502330,2011
11740,438889,2011
11741,974199,2011
11742,460002,2011
11743,3028778,2011
11746,2887549,2011
11747,1805080,2011
11749,97703,2011
11751,575249,2011
11752,308740,2011
11753,1164867,2011
11754,736020,2011
11755,469661,2011
11756,1420999,2011
11757,1333358,2011
11758,2384493,2011
11762,985982,2011
11763,814226,2011
11764,589974,2011
11765,230338,2011
11766,643346,2011
11767,590312,2011
11768,1363719,2011
11769,386025,2011
11771,1181208,2011
11772,1184078,2011
11776,732213,2011
11777,719790,2011
11778,396995,2011
11779,1184894,2011
11780,1570482,2011
11782,681161,2011
11783,896859,2011
11784,669515,2011
11786,283800,2011
11787,1841069,2011
11788,734165,2011
11789,234620,2011
11790,735241,2011
11791,2181539,2011
11792,358723,2011
11793,1398558,2011
11795,1079167,2011
11796,132081,2011
11797,946410,2011
11798,315527,2011
11801,1271570,2011
11803,1554744,2011
11804,273414,2011
11901,563171,2011
11933,230413,2011
11934,286930,2011
11935,180976,2011
11937,974992,2011
11939,45371,2011
11940,235905,2011
11941,102249,2011
11942,196472,2011
11944,134874,2011
11946,415063,2011
11948,49750,2011
11949,509147,2011
11950,338785,2011
11951,283489,2011
11952,221217,2011
11953,370566,2011
11954,167395,2011
11955,100248,2011
11957,55505,2011
11958,33819,2011
11961,368502,2011
11963,408009,2011
11967,640854,2011
11968,569785,2011
11971,246035,2011
11976,257924,2011
11977,130248,2011
11978,182464,2011
11980,143907,2011
12007,5344,2011
12008,15544,2011
12009,265668,2011
12010,568369,2011
12015,95575,2011
12017,12301,2011
12018,242174,2011
12019,568076,2011
12020,932347,2011
12022,18416,2011
12023,53244,2011
12025,134684,2011
12027,154828,2011
12028,28798,2011
12029,33400,2011
12031,3668,2011
12032,22673,2011
12033,253788,2011
12035,17055,2011
12036,4118,2011
12037,94299,2011
12041,14626,2011
12042,11868,2011
12043,150083,2011
12046,20390,2011
12047,470159,2011
12051,88689,2011
12052,39551,2011
12053,130661,2011
12054,781426,2011
12056,74684,2011
12057,33002,2011
12058,32362,2011
12059,48055,2011
12060,43358,2011
12061,340521,2011
12062,41688,2011
12063,21300,2011
12064,7111,2011
12065,1724014,2011
12066,52532,2011
12067,49858,2011
12068,60889,2011
12070,38620,2011
12071,5405,2011
12072,56395,2011
12074,86579,2011
12075,91424,2011
12076,25507,2011
12077,278046,2011
12078,395809,2011
12083,92985,2011
12084,182663,2011
12085,9721,2011
12086,49632,2011
12087,32639,2011
12090,120986,2011
12092,24879,2011
12093,30442,2011
12094,55821,2011
12095,240223,2011
12106,89021,2011
12108,11510,2011
12110,664031,2011
12116,34738,2011
12117,71972,2011
12118,409681,2011
12120,13709,2011
12121,57382,2011
12122,84099,2011
12123,144048,2011
12125,41088,2011
12130,25895,2011
12131,4310,2011
12134,80370,2011
12136,49216,2011
12137,48433,2011
12138,67527,2011
12139,6172,2011
12140,56981,2011
12143,120681,2011
12144,542772,2011
12147,18325,2011
12148,213700,2011
12149,40980,2011
12150,22266,2011
12151,24510,2011
12153,28515,2011
12154,80908,2011
12155,30181,2011
12156,25665,2011
12157,88327,2011
12158,192040,2011
12159,511427,2011
12160,20996,2011
12164,12605,2011
12165,24850,2011
12166,27412,2011
12167,49502,2011
12168,43521,2011
12169,6758,2011
12170,130624,2011
12173,40469,2011
12175,15401,2011
12176,5397,2011
12180,1055773,2011
12182,299238,2011
12183,55533,2011
12184,215542,2011
12185,53068,2011
12186,304364,2011
12187,17416,2011
12188,320414,2011
12189,400074,2011
12190,16375,2011
12192,35286,2011
12193,58636,2011
12194,4794,2011
12196,105458,2011
12197,40203,2011
12198,266308,2011
12202,115629,2011
12203,813209,2011
12204,256641,2011
12205,731813,2011
12206,215780,2011
12207,17861,2011
12208,526777,2011
12209,215745,2011
12210,164533,2011
12211,746473,2011
12302,841481,2011
12303,817767,2011
12304,396735,2011
12305,58810,2011
12306,676081,2011
12307,57037,2011
12308,243327,2011
12309,1274771,2011
12401,745603,2011
12404,88041,2011
12405,14012,2011
12406,10691,2011
12407,4222,2011
12409,34644,2011
12410,8552,2011
12411,12169,2011
12412,17060,2011
12413,57876,2011
12414,220791,2011
12416,3784,2011
12418,10868,2011
12419,23128,2011
12421,9620,2011
12422,6174,2011
12423,20512,2011
12424,4890,2011
12427,8273,2011
12428,105300,2011
12430,19477,2011
12431,33138,2011
12433,11994,2011
12434,11417,2011
12435,8596,2011
12439,7466,2011
12440,54096,2011
12442,24695,2011
12443,143667,2011
12444,7708,2011
12446,108008,2011
12448,4923,2011
12449,77894,2011
12451,36914,2011
12454,6752,2011
12455,32942,2011
12456,16476,2011
12457,17206,2011
12458,46481,2011
12460,5888,2011
12461,41601,2011
12463,36258,2011
12464,19466,2011
12465,3654,2011
12466,82789,2011
12468,20161,2011
12469,14700,2011
12470,8708,2011
12472,38440,2011
12473,19735,2011
12474,28112,2011
12477,470099,2011
12480,11156,2011
12481,37784,2011
12482,14294,2011
12484,96606,2011
12485,19905,2011
12486,42665,2011
12487,78051,2011
12491,58989,2011
12492,7066,2011
12494,22597,2011
12495,9932,2011
12496,33179,2011
12498,187209,2011
12501,62905,2011
12502,34665,2011
12503,20989,2011
12508,448840,2011
12513,42860,2011
12514,108098,2011
12515,40548,2011
12516,35865,2011
12517,8794,2011
12518,219841,2011
12520,135177,2011
12521,39195,2011
12522,116715,2011
12523,41365,2011
12524,511667,2011
12525,126571,2011
12526,104534,2011
12528,379192,2011
12529,64881,2011
12531,126000,2011
12533,1011718,2011
12534,335307,2011
12538,375681,2011
12540,343957,2011
12542,181589,2011
12543,67959,2011
12545,239993,2011
12546,87193,2011
12547,86912,2011
12548,42739,2011
12549,328126,2011
12550,1219734,2011
12553,694233,2011
12561,464485,2011
12563,243512,2011
12564,269871,2011
12565,31350,2011
12566,272365,2011
12567,99692,2011
12569,340312,2011
12570,287714,2011
12571,309116,2011
12572,442837,2011
12575,80743,2011
12577,74616,2011
12578,87236,2011
12580,136572,2011
12581,68779,2011
12582,178967,2011
12583,60219,2011
12585,29639,2011
12586,337842,2011
12589,376178,2011
12590,1115881,2011
12592,31140,2011
12594,105792,2011
12601,780273,2011
12603,1373924,2011
12701,169923,2011
12719,22992,2011
12720,13483,2011
12721,161634,2011
12723,36792,2011
12725,7078,2011
12726,26387,2011
12729,37334,2011
12732,19781,2011
12733,8158,2011
12734,22204,2011
12737,42454,2011
12738,5515,2011
12740,51055,2011
12741,7055,2011
12742,8019,2011
12743,7221,2011
12745,5121,2011
12746,26708,2011
12747,33783,2011
12748,48023,2011
12750,4120,2011
12751,14098,2011
12752,6680,2011
12754,125074,2011
12758,79413,2011
12759,22703,2011
12760,10083,2011
12762,13205,2011
12763,17631,2011
12764,32890,2011
12765,24063,2011
12766,6379,2011
12768,20493,2011
12770,5210,2011
12771,287769,2011
12775,88261,2011
12776,40422,2011
12777,24051,2011
12779,38950,2011
12780,55964,2011
12783,25422,2011
12786,21028,2011
12787,11449,2011
12788,44355,2011
12789,32494,2011
12790,108190,2011
12791,17970,2011
12792,9760,2011
12801,311016,2011
12803,172948,2011
12804,797104,2011
12808,8281,2011
12809,76142,2011
12810,11456,2011
12814,51220,2011
12815,26875,2011
12816,95177,2011
12817,52214,2011
12819,5087,2011
12821,6159,2011
12822,117983,2011
12823,6973,2011
12824,28238,2011
12827,82991,2011
12828,196531,2011
12831,542115,2011
12832,109411,2011
12833,136700,2011
12834,161205,2011
12835,55988,2011
12836,15831,2011
12837,14083,2011
12838,14127,2011
12839,245017,2011
12842,24093,2011
12843,11297,2011
12844,12021,2011
12845,226935,2011
12846,67079,2011
12847,18097,2011
12849,14312,2011
12850,82408,2011
12851,6062,2011
12852,10138,2011
12853,25632,2011
12855,4721,2011
12857,10703,2011
12859,50134,2011
12860,12436,2011
12861,15712,2011
12863,18827,2011
12865,75045,2011
12866,2707968,2011
12870,33099,2011
12871,93134,2011
12873,18589,2011
12878,11178,2011
12883,95399,2011
12885,83882,2011
12886,4840,2011
12887,86164,2011
12901,680410,2011
12903,41321,2011
12910,30739,2011
12912,40017,2011
12913,22781,2011
12914,13943,2011
12916,34699,2011
12917,24067,2011
12918,55181,2011
12919,71978,2011
12920,45683,2011
12921,63389,2011
12923,8673,2011
12926,32893,2011
12928,39686,2011
12930,10050,2011
12932,30470,2011
12934,15253,2011
12935,29402,2011
12936,15352,2011
12937,23369,2011
12941,28000,2011
12942,20207,2011
12943,11222,2011
12944,75064,2011
12945,14945,2011
12946,172846,2011
12950,13815,2011
12952,11635,2011
12953,209491,2011
12955,6926,2011
12956,18838,2011
12957,24972,2011
12958,37616,2011
12959,25892,2011
12960,20753,2011
12961,5211,2011
12962,141941,2011
12965,8793,2011
12966,44902,2011
12967,17573,2011
12969,7422,2011
12970,7000,2011
12972,164099,2011
12974,26130,2011
12978,8070,2011
12979,56177,2011
12980,21022,2011
12981,52968,2011
12983,169888,2011
12985,19812,2011
12986,123210,2011
12987,6158,2011
12989,20525,2011
12992,97374,2011
12993,37436,2011
12996,40265,2011
12997,25516,2011
12998,7450,2011
13021,885064,2011
13026,33888,2011
13027,1018426,2011
13028,26678,2011
13029,220179,2011
13030,100450,2011
13031,496059,2011
13032,268051,2011
13033,78130,2011
13034,41337,2011
13035,339402,2011
13036,193515,2011
13037,221984,2011
13039,544021,2011
13040,48558,2011
13041,302920,2011
13042,44861,2011
13044,59790,2011
13045,517551,2011
13052,37713,2011
13053,114268,2011
13054,29375,2011
13057,385879,2011
13060,70241,2011
13061,24348,2011
13063,50863,2011
13066,749316,2011
13068,120980,2011
13069,460082,2011
13071,22046,2011
13072,13466,2011
13073,140833,2011
13074,77157,2011
13076,50229,2011
13077,153973,2011
13078,461534,2011
13080,84557,2011
13081,28815,2011
13082,107986,2011
13083,35956,2011
13084,136505,2011
13088,586360,2011
13090,854473,2011
13092,53388,2011
13101,49500,2011
13103,4719,2011
13104,859857,2011
13108,196343,2011
13110,65478,2011
13111,26779,2011
13112,46243,2011
13114,137024,2011
13116,88205,2011
13118,110924,2011
13120,45234,2011
13122,28380,2011
13126,705481,2011
13131,74488,2011
13132,91800,2011
13135,149640,2011
13136,6629,2011
13140,77230,2011
13141,14156,2011
13142,127386,2011
13143,49179,2011
13144,20027,2011
13145,35698,2011
13146,37441,2011
13147,27183,2011
13148,233814,2011
13152,420917,2011
13155,10503,2011
13156,36279,2011
13158,26365,2011
13159,162162,2011
13160,48328,2011
13164,69454,2011
13165,206166,2011
13166,120101,2011
13167,76786,2011
13202,58643,2011
13203,235726,2011
13204,218185,2011
13205,225585,2011
13206,303219,2011
13207,236387,2011
13208,263396,2011
13209,289057,2011
13210,242711,2011
13211,109931,2011
13212,484243,2011
13214,236718,2011
13215,532820,2011
13219,424643,2011
13224,264347,2011
13302,23598,2011
13303,29882,2011
13304,56427,2011
13308,62116,2011
13309,112564,2011
13310,12184,2011
13314,8922,2011
13315,24755,2011
13316,121620,2011
13317,72238,2011
13318,25775,2011
13319,17256,2011
13320,38126,2011
13322,26677,2011
13323,316659,2011
13324,37387,2011
13325,15498,2011
13326,180254,2011
13327,38589,2011
13328,26618,2011
13329,61017,2011
13331,7675,2011
13332,44745,2011
13334,21727,2011
13335,30704,2011
13337,26134,2011
13338,25170,2011
13339,97515,2011
13340,159972,2011
13343,34316,2011
13346,123894,2011
13348,27947,2011
13350,157453,2011
13354,84059,2011
13355,14763,2011
13357,197066,2011
13360,10177,2011
13361,10006,2011
13363,51182,2011
13365,158537,2011
13367,167845,2011
13368,20040,2011
13402,27146,2011
13403,135102,2011
13406,13472,2011
13407,98264,2011
13408,50802,2011
13409,44475,2011
13411,52828,2011
13413,591198,2011
13416,43472,2011
13417,68783,2011
13418,3370,2011
13420,40721,2011
13421,292034,2011
13424,53802,2011
13425,36971,2011
13428,25560,2011
13431,42749,2011
13433,23003,2011
13437,8239,2011
13438,78636,2011
13439,73751,2011
13440,824817,2011
13450,5202,2011
13452,75056,2011
13454,13635,2011
13456,106109,2011
13459,40683,2011
13460,81548,2011
13461,84068,2011
13464,17339,2011
13468,10047,2011
13469,19993,2011
13470,10380,2011
13471,52494,2011
13473,14849,2011
13476,70923,2011
13477,25128,2011
13478,65389,2011
13480,71349,2011
13483,4682,2011
13485,15753,2011
13486,20544,2011
13488,4827,2011
13489,11923,2011
13490,32778,2011
13491,72523,2011
13492,324779,2011
13493,32916,2011
13494,6667,2011
13495,41752,2011
13501,530623,2011
13502,538050,2011
13601,729006,2011
13603,102410,2011
13605,91831,2011
13606,59752,2011
13607,51243,2011
13608,25323,2011
13612,60120,2011
13613,42612,2011
13614,3944,2011
13616,28644,2011
13617,197592,2011
13618,43410,2011
13619,186087,2011
13620,34731,2011
13621,11573,2011
13622,51842,2011
13624,109005,2011
13625,43579,2011
13626,41072,2011
13630,21056,2011
13634,92891,2011
13635,14733,2011
13636,6275,2011
13637,75039,2011
13638,6504,2011
13640,16461,2011
13642,140768,2011
13646,35184,2011
13648,41144,2011
13650,27572,2011
13652,26664,2011
13654,35212,2011
13655,44010,2011
13656,44247,2011
13658,44798,2011
13659,10604,2011
13660,34375,2011
13661,28789,2011
13662,326871,2011
13664,12855,2011
13665,15332,2011
13667,55468,2011
13668,66557,2011
13669,297356,2011
13670,4833,2011
13672,14417,2011
13673,41141,2011
13676,247029,2011
13679,36954,2011
13680,18639,2011
13681,13325,2011
13682,20760,2011
13684,20207,2011
13685,68834,2011
13687,11627,2011
13690,15264,2011
13691,54917,2011
13693,12643,2011
13694,39081,2011
13696,4520,2011
13697,35841,2011
13730,50161,2011
13731,28647,2011
13732,223789,2011
13733,98226,2011
13734,40354,2011
13736,46946,2011
13739,17289,2011
13740,11893,2011
13743,77698,2011
13744,24034,2011
13746,58310,2011
13748,83496,2011
13750,17885,2011
13751,5053,2011
13752,15025,2011
13753,91087,2011
13754,54701,2011
13755,22509,2011
13756,8644,2011
13757,18655,2011
13760,1085622,2011
13775,33499,2011
13776,14819,2011
13777,16732,2011
13778,128085,2011
13780,22025,2011
13782,12441,2011
13783,39545,2011
13786,7245,2011
13787,59329,2011
13788,18887,2011
13790,340757,2011
13795,76921,2011
13796,24845,2011
13797,36642,2011
13801,18565,2011
13802,20023,2011
13803,74686,2011
13804,8410,2011
13806,4055,2011
13807,27044,2011
13808,33072,2011
13809,28403,2011
13810,20666,2011
13811,90009,2011
13812,44399,2011
13813,16924,2011
13815,307154,2011
13820,365898,2011
13825,67027,2011
13827,285521,2011
13830,88661,2011
13832,9560,2011
13833,88349,2011
13835,25148,2011
13838,81294,2011
13839,25205,2011
13841,8412,2011
13842,10520,2011
13843,28970,2011
13844,12178,2011
13846,6918,2011
13849,93305,2011
13850,686781,2011
13856,113654,2011
13861,15544,2011
13862,82036,2011
13863,7471,2011
13864,20642,2011
13865,125302,2011
13901,393987,2011
13903,434604,2011
13904,178268,2011
13905,484379,2011
14001,239894,2011
14004,275989,2011
14005,41178,2011
14006,219513,2011
14008,32309,2011
14009,114028,2011
14011,134668,2011
14012,46972,2011
14013,29107,2011
14020,445897,2011
14024,30932,2011
14025,88845,2011
14026,19781,2011
14028,34786,2011
14030,31278,2011
14031,473917,2011
14032,373298,2011
14033,74768,2011
14034,38508,2011
14036,110677,2011
14037,32704,2011
14040,52979,2011
14041,4166,2011
14042,65154,2011
14043,580462,2011
14047,167870,2011
14048,245750,2011
14051,974466,2011
14052,682423,2011
14054,29648,2011
14055,35522,2011
14057,230662,2011
14058,53523,2011
14059,323450,2011
14060,7081,2011
14062,69935,2011
14063,266532,2011
14065,30321,2011
14066,19284,2011
14067,111127,2011
14068,275812,2011
14069,23915,2011
14070,103956,2011
14072,720430,2011
14075,1270936,2011
14080,115853,2011
14081,56562,2011
14082,10369,2011
14085,254793,2011
14086,1012037,2011
14091,26545,2011
14092,393224,2011
14094,1157058,2011
14098,59628,2011
14101,31731,2011
14102,37964,2011
14103,205238,2011
14105,97162,2011
14108,126185,2011
14111,75695,2011
14113,17025,2011
14120,1127664,2011
14125,74649,2011
14127,1364157,2011
14129,27371,2011
14131,125025,2011
14132,136496,2011
14134,6842,2011
14136,101698,2011
14138,33769,2011
14139,65824,2011
14141,181086,2011
14143,32349,2011
14145,35960,2011
14150,965760,2011
14167,36626,2011
14170,74057,2011
14171,43324,2011
14172,84647,2011
14174,202308,2011
14201,148226,2011
14202,240282,2011
14203,38201,2011
14204,87075,2011
14206,295374,2011
14207,234901,2011
14208,95740,2011
14209,221542,2011
14210,192383,2011
14211,202171,2011
14212,112564,2011
14213,219774,2011
14214,361742,2011
14215,489143,2011
14216,558181,2011
14217,546185,2011
14218,305770,2011
14219,242085,2011
14220,465612,2011
14221,2268754,2011
14222,405575,2011
14223,594714,2011
14224,1065147,2011
14225,689778,2011
14226,1020393,2011
14227,526303,2011
14228,518095,2011
14301,136871,2011
14303,66249,2011
14304,640852,2011
14305,264914,2011
14411,227720,2011
14414,177981,2011
14416,89127,2011
14418,25445,2011
14420,387132,2011
14422,57899,2011
14423,116944,2011
14424,748524,2011
14425,276744,2011
14427,42852,2011
14428,234623,2011
14432,116083,2011
14433,80111,2011
14435,81584,2011
14437,190603,2011
14441,7564,2011
14445,167171,2011
14450,1659903,2011
14454,175015,2011
14456,388911,2011
14462,14345,2011
14464,162924,2011
14466,41793,2011
14467,243445,2011
14468,507825,2011
14469,152851,2011
14470,160178,2011
14471,70351,2011
14472,403389,2011
14475,10664,2011
14476,50360,2011
14477,35604,2011
14478,25937,2011
14480,19085,2011
14481,41919,2011
14482,193098,2011
14485,98938,2011
14486,7541,2011
14487,154421,2011
14489,127292,2011
14502,295651,2011
14504,32890,2011
14505,120022,2011
14506,63380,2011
14507,28487,2011
14510,86957,2011
14512,114559,2011
14513,268416,2011
14514,153677,2011
14516,48709,2011
14517,56083,2011
14519,327928,2011
14521,53785,2011
14522,202152,2011
14525,59919,2011
14526,783542,2011
14527,259234,2011
14530,107216,2011
14532,103998,2011
14533,34516,2011
14534,2282066,2011
14536,12619,2011
14541,50929,2011
14543,114602,2011
14544,42480,2011
14546,129598,2011
14548,83417,2011
14550,34262,2011
14551,102954,2011
14555,28590,2011
14559,520032,2011
14560,47386,2011
14561,58840,2011
14564,708352,2011
14568,169485,2011
14569,126580,2011
14571,26067,2011
14572,93260,2011
14580,1756847,2011
14585,5759,2011
14586,270428,2011
14589,177364,2011
14590,95385,2011
14591,36395,2011
14604,43771,2011
14605,81077,2011
14606,462821,2011
14607,331136,2011
14608,125520,2011
14609,708390,2011
14610,717501,2011
14611,154657,2011
14612,907413,2011
14613,145252,2011
14614,11573,2011
14615,275627,2011
14616,597424,2011
14617,671820,2011
14618,1081275,2011
14619,211069,2011
14620,468556,2011
14621,290316,2011
14622,313421,2011
14623,396132,2011
14624,978637,2011
14625,391883,2011
14626,813771,2011
14701,632426,2011
14706,151280,2011
14709,25691,2011
14710,76690,2011
14711,28566,2011
14712,95502,2011
14714,6089,2011
14715,43076,2011
14716,35823,2011
14717,9989,2011
14718,41897,2011
14719,55253,2011
14721,3481,2011
14723,22135,2011
14724,40712,2011
14726,13361,2011
14727,110149,2011
14728,21490,2011
14729,17273,2011
14731,47375,2011
14733,67294,2011
14735,39556,2011
14736,11053,2011
14737,66119,2011
14738,70857,2011
14739,37893,2011
14740,21238,2011
14741,35057,2011
14743,32639,2011
14744,19056,2011
14747,37255,2011
14748,10480,2011
14750,140141,2011
14753,19449,2011
14754,10415,2011
14755,47535,2011
14757,65389,2011
14760,361085,2011
14767,26610,2011
14769,15838,2011
14770,59433,2011
14772,68504,2011
14775,41165,2011
14777,11203,2011
14779,101461,2011
14781,35014,2011
14782,38735,2011
14784,15444,2011
14787,96117,2011
14801,91111,2011
14802,20160,2011
14803,24341,2011
14804,30164,2011
14805,23318,2011
14806,41059,2011
14807,60745,2011
14808,9316,2011
14809,42856,2011
14810,208285,2011
14812,66873,2011
14813,40996,2011
14814,68713,2011
14815,17557,2011
14816,14537,2011
14817,55266,2011
14818,43417,2011
14819,9815,2011
14820,11682,2011
14821,69077,2011
14822,19726,2011
14823,68518,2011
14824,13226,2011
14825,17418,2011
14826,38480,2011
14830,603204,2011
14836,20503,2011
14837,85484,2011
14838,39414,2011
14839,12068,2011
14840,88128,2011
14841,25003,2011
14842,18710,2011
14843,222422,2011
14845,590922,2011
14846,12051,2011
14847,49811,2011
14850,1501305,2011
14853,5773,2011
14855,13063,2011
14858,34945,2011
14859,20489,2011
14860,21663,2011
14861,26336,2011
14864,21710,2011
14865,52999,2011
14867,111981,2011
14869,26256,2011
14870,321060,2011
14871,125774,2011
14872,11316,2011
14873,41506,2011
14874,4539,2011
14877,7525,2011
14878,11665,2011
14879,38989,2011
14880,27463,2011
14881,5869,2011
14882,118466,2011
14883,82519,2011
14884,6485,2011
14885,11069,2011
14886,182773,2011
14889,25985,2011
14891,87185,2011
14892,157218,2011
14894,27731,2011
14895,175290,2011
14897,15930,2011
14898,21956,2011
14901,202569,2011
14903,210258,2011
14904,252517,2011
14905,280577,2011
99999,12504674,2011
00000,711333332,2012
10001,1915739,2012
10002,1944420,2012
10003,5989687,2012
10004,879963,2012
10005,5488231,2012
10006,407119,2012
10007,1638089,2012
10009,2232308,2012
10010,3640236,2012
10011,7556958,2012
10012,2557004,2012
10013,5732887,2012
10014,4853613,2012
10016,6288674,2012
10017,4560536,2012
10018,3043218,2012
10019,7165250,2012
10021,12433132,2012
10022,8354121,2012
10023,10930729,2012
10024,9359494,2012
10025,6157564,2012
10026,951229,2012
10027,1323272,2012
10028,8615877,2012
10029,1593927,2012
10030,452678,2012
10031,939351,2012
10032,947387,2012
10033,1010940,2012
10034,732203,2012
10035,588796,2012
10036,3511303,2012
10037,426394,2012
10038,1305350,2012
10039,449905,2012
10040,766544,2012
10044,344925,2012
10065,9307781,2012
10069,1274445,2012
10075,5671633,2012
10128,10571413,2012
10162,181441,2012
10280,745992,2012
10282,1046080,2012
10301,1086011,2012
10302,355929,2012
10303,479563,2012
10304,1164482,2012
10305,1069469,2012
10306,1736932,2012
10307,512390,2012
10308,903704,2012
10309,1099251,2012
10310,615063,2012
10312,2120148,2012
10314,2523144,2012
10451,624030,2012
10452,846872,2012
10453,849318,2012
10454,352483,2012
10455,416901,2012
10456,890678,2012
10457,730303,2012
10458,826687,2012
10459,533739,2012
10460,635802,2012
10461,1060449,2012
10462,1430533,2012
10463,1914105,2012
10464,167792,2012
10465,1066337,2012
10466,1093656,2012
10467,1311380,2012
10468,919391,2012
10469,1289628,2012
10470,333794,2012
10471,1336335,2012
10472,728175,2012
10473,971752,2012
10474,118584,2012
10475,959254,2012
10501,91222,2012
10502,404155,2012
10504,2479531,2012
10505,62574,2012
10506,1292888,2012
10507,453757,2012
10509,775308,2012
10510,1314124,2012
10511,76778,2012
10512,1011458,2012
10514,2470955,2012
10516,290416,2012
10518,117378,2012
10520,823151,2012
10522,648269,2012
10523,351975,2012
10524,279266,2012
10526,176351,2012
10527,64803,2012
10528,1302160,2012
10530,858199,2012
10532,229308,2012
10533,921227,2012
10535,20740,2012
10536,1475260,2012
10537,70491,2012
10538,2871757,2012
10541,984351,2012
10543,1704501,2012
10546,143461,2012
10547,269613,2012
10548,124511,2012
10549,1794384,2012
10550,633289,2012
10552,750341,2012
10553,254818,2012
10560,507687,2012
10562,1202175,2012
10566,623389,2012
10567,950927,2012
10570,978960,2012
10573,1615354,2012
10576,750339,2012
10577,1364135,2012
10578,37672,2012
10579,377324,2012
10580,4299031,2012
10583,7387771,2012
10588,102579,2012
10589,528062,2012
10590,511408,2012
10591,1235879,2012
10594,296270,2012
10595,343494,2012
10597,155263,2012
10598,1612436,2012
10601,759164,2012
10603,709519,2012
10604,662768,2012
10605,1618070,2012
10606,578525,2012
10607,328290,2012
10701,1215894,2012
10703,506935,2012
10704,958361,2012
10705,768481,2012
10706,684382,2012
10707,520975,2012
10708,3099345,2012
10709,592300,2012
10710,999690,2012
10801,1086892,2012
10803,1296489,2012
10804,1617067,2012
10805,575345,2012
10901,1198275,2012
10913,333740,2012
10916,191917,2012
10917,84014,2012
10918,411925,2012
10919,40309,2012
10920,352034,2012
10921,153300,2012
10923,280045,2012
10924,502300,2012
10925,162965,2012
10926,130323,2012
10927,244818,2012
10928,116748,2012
10930,364637,2012
10931,25034,2012
10940,1120626,2012
10941,386492,2012
10950,1098528,2012
10952,1027109,2012
10954,934802,2012
10956,1736563,2012
10958,104612,2012
10960,737878,2012
10962,246351,2012
10963,72804,2012
10964,144568,2012
10965,672864,2012
10968,196733,2012
10969,36393,2012
10970,389166,2012
10973,76673,2012
10974,126640,2012
10975,8767,2012
10976,53785,2012
10977,1160354,2012
10980,534229,2012
10983,281582,2012
10984,102278,2012
10985,12268,2012
10986,77120,2012
10987,333846,2012
10989,416274,2012
10990,828038,2012
10992,339692,2012
10993,107785,2012
10994,544746,2012
10996,74898,2012
10998,105656,2012
11001,1097289,2012
11003,1105724,2012
11004,409923,2012
11005,160313,2012
11010,826863,2012
11020,530776,2012
11021,1531705,2012
11023,656453,2012
11024,1123365,2012
11030,2882916,2012
11040,1862243,2012
11050,2677215,2012
11096,135896,2012
11101,837233,2012
11102,833399,2012
11103,896214,2012
11104,738235,2012
11105,964677,2012
11106,969096,2012
11109,374677,2012
11201,4709728,2012
11203,1308996,2012
11204,1518148,2012
11205,951715,2012
11206,1073125,2012
11207,1157804,2012
11208,1136356,2012
11209,2195619,2012
11210,1915500,2012
11211,1596399,2012
11212,1011807,2012
11213,952455,2012
11214,1509319,2012
11215,3718326,2012
11216,992347,2012
11217,1872657,2012
11218,1528871,2012
11219,1211979,2012
11220,1301303,2012
11221,1073500,2012
11222,1164206,2012
11223,1948971,2012
11224,692815,2012
11225,1130514,2012
11226,1639575,2012
11228,1032489,2012
11229,1868583,2012
11230,2149965,2012
11231,1784487,2012
11232,406515,2012
11233,959186,2012
11234,2459861,2012
11235,1886707,2012
11236,1797652,2012
11237,631019,2012
11238,1904485,2012
11239,242797,2012
11354,972370,2012
11355,1255271,2012
11356,487613,2012
11357,1392438,2012
11358,968378,2012
11360,826490,2012
11361,832724,2012
11362,630615,2012
11363,363203,2012
11364,1085120,2012
11365,1063257,2012
11366,411714,2012
11367,975313,2012
11368,1242929,2012
11369,560791,2012
11370,526183,2012
11372,1323742,2012
11373,1496745,2012
11374,1194554,2012
11375,2890852,2012
11377,1622165,2012
11378,818106,2012
11379,1046939,2012
11385,1852046,2012
11411,492644,2012
11412,719188,2012
11413,908762,2012
11414,790649,2012
11415,565141,2012
11416,378427,2012
11417,561065,2012
11418,641650,2012
11419,700771,2012
11420,804645,2012
11421,708154,2012
11422,706057,2012
11423,667208,2012
11426,512445,2012
11427,603115,2012
11428,424627,2012
11429,503613,2012
11430,10005,2012
11432,1149667,2012
11433,500428,2012
11434,1187169,2012
11435,942847,2012
11436,322382,2012
11501,736437,2012
11507,409585,2012
11509,277580,2012
11510,1219150,2012
11514,181808,2012
11516,398238,2012
11518,485818,2012
11520,1092603,2012
11530,2772692,2012
11542,1016279,2012
11545,2044892,2012
11548,79579,2012
11550,1025640,2012
11552,898001,2012
11553,575330,2012
11554,1422051,2012
11557,785481,2012
11558,276564,2012
11559,1649590,2012
11560,1081491,2012
11561,1613975,2012
11563,839002,2012
11565,432173,2012
11566,1952571,2012
11568,1058850,2012
11570,1914602,2012
11572,1315171,2012
11575,318436,2012
11576,1589289,2012
11577,945207,2012
11579,313180,2012
11580,1260758,2012
11581,834279,2012
11590,1521545,2012
11596,594795,2012
11598,1002305,2012
11691,793427,2012
11692,276535,2012
11693,246047,2012
11694,747644,2012
11697,176525,2012
11701,730341,2012
11702,707445,2012
11703,548293,2012
11704,1135298,2012
11705,381344,2012
11706,1730408,2012
11709,330304,2012
11710,1575051,2012
11713,322068,2012
11714,858097,2012
11715,201362,2012
11716,383113,2012
11717,1059200,2012
11718,295857,2012
11719,137521,2012
11720,942343,2012
11721,458658,2012
11722,742360,2012
11724,471652,2012
11725,1363536,2012
11726,475496,2012
11727,843350,2012
11729,834413,2012
11730,642501,2012
11731,1299100,2012
11732,249426,2012
11733,2181860,2012
11735,1254342,2012
11738,518661,2012
11740,441388,2012
11741,1002789,2012
11742,469981,2012
11743,3247673,2012
11746,3040964,2012
11747,2100064,2012
11749,100842,2012
11751,580761,2012
11752,319681,2012
11753,1322310,2012
11754,770878,2012
11755,488847,2012
11756,1542128,2012
11757,1325760,2012
11758,2469969,2012
11762,1016469,2012
11763,843474,2012
11764,640237,2012
11765,300094,2012
11766,669434,2012
11767,611149,2012
11768,1497501,2012
11769,401667,2012
11771,1400538,2012
11772,1250939,2012
11776,758273,2012
11777,666646,2012
11778,410380,2012
11779,1191588,2012
11780,1601938,2012
11782,696821,2012
11783,954471,2012
11784,680797,2012
11786,293462,2012
11787,1865799,2012
11788,794389,2012
11789,234033,2012
11790,731709,2012
11791,2445891,2012
11792,382737,2012
11793,1454776,2012
11795,1129460,2012
11796,137409,2012
11797,1083321,2012
11798,316532,2012
11801,1326837,2012
11803,1716830,2012
11804,272950,2012
11901,597356,2012
11933,245481,2012
11934,295514,2012
11935,181913,2012
11937,1119515,2012
11939,52891,2012
11940,228007,2012
11941,110350,2012
11942,206327,2012
11944,144286,2012
11946,441363,2012
11948,53360,2012
11949,523895,2012
11950,346545,2012
11951,284238,2012
11952,228736,2012
11953,380531,2012
11954,198623,2012
11955,104473,2012
11957,54408,2012
11958,37207,2012
11961,383005,2012
11963,458271,2012
11967,653330,2012
11968,621906,2012
11971,268551,2012
11976,356965,2012
11977,121337,2012
11978,198214,2012
11980,147257,2012
12007,5511,2012
12008,17202,2012
12009,268876,2012
12010,575980,2012
12015,102429,2012
12017,13361,2012
12018,259933,2012
12019,593512,2012
12020,977099,2012
12022,18661,2012
12023,52967,2012
12025,142467,2012
12027,160367,2012
12028,29168,2012
12029,34605,2012
12031,4310,2012
12032,25849,2012
12033,264945,2012
12035,17240,2012
12036,4657,2012
12037,95823,2012
12041,14326,2012
12042,11952,2012
12043,149557,2012
12046,20507,2012
12047,492603,2012
12051,92867,2012
12052,40379,2012
12053,133670,2012
12054,810984,2012
12056,77709,2012
12057,32756,2012
12058,31674,2012
12059,51184,2012
12060,53701,2012
12061,372802,2012
12062,43622,2012
12063,20802,2012
12064,7518,2012
12065,1667152,2012
12066,53736,2012
12067,52202,2012
12068,62286,2012
12070,37594,2012
12071,5413,2012
12072,58107,2012
12074,88689,2012
12075,99175,2012
12076,25550,2012
12077,266553,2012
12078,397407,2012
12083,97605,2012
12084,187664,2012
12085,10303,2012
12086,51419,2012
12087,31802,2012
12090,126364,2012
12092,24825,2012
12093,31021,2012
12094,56568,2012
12095,247101,2012
12106,93782,2012
12108,12179,2012
12110,672839,2012
12116,35013,2012
12117,73854,2012
12118,441737,2012
12120,14111,2012
12121,59562,2012
12122,85478,2012
12123,147729,2012
12125,40330,2012
12130,26152,2012
12131,4704,2012
12134,81583,2012
12136,46889,2012
12137,49231,2012
12138,69016,2012
12139,6465,2012
12140,55939,2012
12143,123679,2012
12144,564806,2012
12147,19352,2012
12148,219053,2012
12149,41528,2012
12150,22675,2012
12151,25442,2012
12153,28514,2012
12154,82382,2012
12155,29700,2012
12156,25974,2012
12157,92896,2012
12158,198918,2012
12159,518936,2012
12160,21506,2012
12164,14089,2012
12165,24123,2012
12166,27224,2012
12167,49875,2012
12168,44538,2012
12169,7667,2012
12170,140357,2012
12173,39297,2012
12175,15820,2012
12176,5398,2012
12180,1071265,2012
12182,304145,2012
12183,56141,2012
12184,226469,2012
12185,53328,2012
12186,282194,2012
12187,17315,2012
12188,332144,2012
12189,414200,2012
12190,17807,2012
12192,36299,2012
12193,62587,2012
12194,4971,2012
12196,108337,2012
12197,40057,2012
12198,267369,2012
12202,113827,2012
12203,987138,2012
12204,268800,2012
12205,755465,2012
12206,218689,2012
12207,19917,2012
12208,535538,2012
12209,216190,2012
12210,171021,2012
12211,763102,2012
12302,871036,2012
12303,851668,2012
12304,406276,2012
12305,63666,2012
12306,690167,2012
12307,58095,2012
12308,242614,2012
12309,1366843,2012
12401,759061,2012
12404,97956,2012
12405,13403,2012
12406,10948,2012
12407,4656,2012
12409,34811,2012
12410,8684,2012
12411,11784,2012
12412,16971,2012
12413,59024,2012
12414,226395,2012
12416,4050,2012
12418,15335,2012
12419,22198,2012
12421,10184,2012
12422,6795,2012
12423,20963,2012
12424,5616,2012
12427,10080,2012
12428,108318,2012
12430,21121,2012
12431,35574,2012
12433,13649,2012
12434,11303,2012
12435,8491,2012
12439,8780,2012
12440,57078,2012
12442,25561,2012
12443,142929,2012
12444,7249,2012
12446,110916,2012
12448,5558,2012
12449,79567,2012
12451,37006,2012
12454,5235,2012
12455,32717,2012
12456,16700,2012
12457,16043,2012
12458,47538,2012
12460,5996,2012
12461,41377,2012
12463,37431,2012
12464,22068,2012
12465,3604,2012
12466,87119,2012
12468,18638,2012
12469,13859,2012
12470,9000,2012
12472,39534,2012
12473,19777,2012
12474,25790,2012
12477,447528,2012
12480,11762,2012
12481,37222,2012
12482,12897,2012
12484,97832,2012
12485,22434,2012
12486,42948,2012
12487,78454,2012
12491,57972,2012
12492,6645,2012
12494,20980,2012
12495,10479,2012
12496,34257,2012
12498,188074,2012
12501,63102,2012
12502,31491,2012
12503,25313,2012
12508,464290,2012
12513,48455,2012
12514,108655,2012
12515,38772,2012
12516,40028,2012
12517,10614,2012
12518,227613,2012
12520,145069,2012
12521,48487,2012
12522,115989,2012
12523,44960,2012
12524,556122,2012
12525,125739,2012
12526,114519,2012
12528,390704,2012
12529,64463,2012
12531,143593,2012
12533,1078239,2012
12534,362154,2012
12538,380769,2012
12540,363503,2012
12542,189736,2012
12543,67850,2012
12545,277968,2012
12546,92438,2012
12547,90730,2012
12548,43113,2012
12549,343298,2012
12550,1252581,2012
12553,746940,2012
12561,478665,2012
12563,248144,2012
12564,341509,2012
12565,30915,2012
12566,288898,2012
12567,134180,2012
12569,352424,2012
12570,289350,2012
12571,303380,2012
12572,476047,2012
12575,83669,2012
12577,74390,2012
12578,98652,2012
12580,140327,2012
12581,74200,2012
12582,176047,2012
12583,64081,2012
12585,33185,2012
12586,343205,2012
12589,390178,2012
12590,1151139,2012
12592,31440,2012
12594,105289,2012
12601,795705,2012
12603,1416312,2012
12701,175371,2012
12719,23201,2012
12720,14644,2012
12721,165819,2012
12723,37745,2012
12725,8610,2012
12726,27310,2012
12729,36619,2012
12732,24936,2012
12733,8190,2012
12734,22849,2012
12737,43591,2012
12738,5591,2012
12740,54846,2012
12741,7095,2012
12742,7483,2012
12743,7547,2012
12745,5094,2012
12746,24976,2012
12747,34863,2012
12748,46977,2012
12750,4006,2012
12751,14655,2012
12752,7507,2012
12754,125679,2012
12758,81211,2012
12759,20547,2012
12760,8814,2012
12762,13146,2012
12763,16904,2012
12764,33731,2012
12765,24758,2012
12766,6331,2012
12768,22131,2012
12770,5751,2012
12771,291021,2012
12775,87448,2012
12776,46502,2012
12777,23084,2012
12779,37854,2012
12780,55363,2012
12783,25621,2012
12786,18197,2012
12787,11850,2012
12788,45786,2012
12789,32465,2012
12790,112563,2012
12791,19964,2012
12792,9468,2012
12801,315198,2012
12803,180816,2012
12804,834301,2012
12808,9348,2012
12809,77660,2012
12810,12876,2012
12814,51305,2012
12815,27278,2012
12816,99688,2012
12817,55273,2012
12819,5498,2012
12821,6485,2012
12822,120323,2012
12823,7293,2012
12824,27734,2012
12827,85735,2012
12828,207733,2012
12831,534798,2012
12832,116075,2012
12833,145671,2012
12834,174113,2012
12835,56631,2012
12836,15984,2012
12837,14540,2012
12838,14402,2012
12839,248770,2012
12842,25450,2012
12843,11863,2012
12844,17144,2012
12845,201027,2012
12846,69967,2012
12847,18064,2012
12849,15140,2012
12850,84171,2012
12851,5698,2012
12852,11179,2012
12853,24986,2012
12855,5094,2012
12857,10946,2012
12859,52966,2012
12860,13458,2012
12861,15631,2012
12863,19540,2012
12865,79867,2012
12866,3488333,2012
12870,34033,2012
12871,101186,2012
12873,19236,2012
12878,10839,2012
12883,95943,2012
12885,87440,2012
12886,4927,2012
12887,88038,2012
12901,690830,2012
12903,43897,2012
12910,31704,2012
12912,40562,2012
12913,23189,2012
12914,13257,2012
12916,35353,2012
12917,25359,2012
12918,59801,2012
12919,70057,2012
12920,48017,2012
12921,67072,2012
12923,9802,2012
12926,33570,2012
12928,40089,2012
12930,10315,2012
12932,29151,2012
12934,15893,2012
12935,30388,2012
12936,16599,2012
12937,23788,2012
12941,31451,2012
12942,21145,2012
12943,11318,2012
12944,80401,2012
12945,15354,2012
12946,173766,2012
12950,14052,2012
12952,11373,2012
12953,227341,2012
12955,7306,2012
12956,19450,2012
12957,25863,2012
12958,37365,2012
12959,26172,2012
12960,22227,2012
12961,5260,2012
12962,146964,2012
12965,8950,2012
12966,48146,2012
12967,18501,2012
12969,7253,2012
12970,7314,2012
12972,166846,2012
12974,25716,2012
12978,8034,2012
12979,57582,2012
12980,22530,2012
12981,54872,2012
12983,184345,2012
12985,20161,2012
12986,125004,2012
12987,5700,2012
12989,22389,2012
12992,104698,2012
12993,37936,2012
12996,45401,2012
12997,27290,2012
12998,7572,2012
13021,945621,2012
13026,34974,2012
13027,1067839,2012
13028,26991,2012
13029,219482,2012
13030,101103,2012
13031,517137,2012
13032,276867,2012
13033,81016,2012
13034,43487,2012
13035,364503,2012
13036,198689,2012
13037,230514,2012
13039,574295,2012
13040,47453,2012
13041,314359,2012
13042,44450,2012
13044,59616,2012
13045,544198,2012
13052,40061,2012
13053,118717,2012
13054,30425,2012
13057,395186,2012
13060,72926,2012
13061,26315,2012
13063,55037,2012
13066,723145,2012
13068,127264,2012
13069,465428,2012
13071,21636,2012
13072,13389,2012
13073,150035,2012
13074,78939,2012
13076,52050,2012
13077,166147,2012
13078,473020,2012
13080,86755,2012
13081,27912,2012
13082,110986,2012
13083,35606,2012
13084,135073,2012
13088,588974,2012
13090,881882,2012
13092,53836,2012
13101,50292,2012
13103,4609,2012
13104,891901,2012
13108,205265,2012
13110,67187,2012
13111,26900,2012
13112,48963,2012
13114,142345,2012
13116,91386,2012
13118,114523,2012
13120,47697,2012
13122,26375,2012
13126,731605,2012
13131,76426,2012
13132,93941,2012
13135,153149,2012
13136,7603,2012
13140,79480,2012
13141,13642,2012
13142,134045,2012
13143,49367,2012
13144,21539,2012
13145,38404,2012
13146,38494,2012
13147,25562,2012
13148,244321,2012
13152,468214,2012
13155,11306,2012
13156,37313,2012
13158,26911,2012
13159,164067,2012
13160,53256,2012
13164,73130,2012
13165,210297,2012
13166,126149,2012
13167,79504,2012
13202,70745,2012
13203,230092,2012
13204,236352,2012
13205,227240,2012
13206,301771,2012
13207,241435,2012
13208,265896,2012
13209,297482,2012
13210,242922,2012
13211,112312,2012
13212,485510,2012
13214,241724,2012
13215,546051,2012
13219,431185,2012
13224,264254,2012
13302,24476,2012
13303,30536,2012
13304,58022,2012
13308,63856,2012
13309,116934,2012
13310,12303,2012
13314,8638,2012
13315,24866,2012
13316,122996,2012
13317,71935,2012
13318,26056,2012
13319,17454,2012
13320,40510,2012
13322,27189,2012
13323,336317,2012
13324,36889,2012
13325,16762,2012
13326,195480,2012
13327,40537,2012
13328,27323,2012
13329,61633,2012
13331,7519,2012
13332,43911,2012
13334,23194,2012
13335,30878,2012
13337,27188,2012
13338,27040,2012
13339,99269,2012
13340,167772,2012
13343,34926,2012
13346,133016,2012
13348,28119,2012
13350,163564,2012
13354,85459,2012
13355,16214,2012
13357,199491,2012
13360,10389,2012
13361,9988,2012
13363,52401,2012
13365,164356,2012
13367,174161,2012
13368,20897,2012
13402,27266,2012
13403,142095,2012
13406,13347,2012
13407,100556,2012
13408,52044,2012
13409,45826,2012
13411,53003,2012
13413,618572,2012
13416,45459,2012
13417,72968,2012
13420,44495,2012
13421,298305,2012
13424,56045,2012
13425,37910,2012
13428,26095,2012
13431,43275,2012
13433,23358,2012
13437,8005,2012
13438,81662,2012
13439,74966,2012
13440,845086,2012
13450,5237,2012
13452,74444,2012
13454,13756,2012
13456,108460,2012
13459,41365,2012
13460,86754,2012
13461,89389,2012
13464,17082,2012
13468,11199,2012
13469,21245,2012
13470,9904,2012
13471,53479,2012
13473,15352,2012
13476,72666,2012
13477,26297,2012
13478,68165,2012
13480,73428,2012
13483,4649,2012
13485,16838,2012
13486,20176,2012
13488,4234,2012
13489,12697,2012
13490,32499,2012
13491,76753,2012
13492,340210,2012
13493,33072,2012
13494,6296,2012
13495,41826,2012
13501,542573,2012
13502,545406,2012
13601,772016,2012
13603,129603,2012
13605,96852,2012
13606,65184,2012
13607,53943,2012
13608,27491,2012
13612,62180,2012
13613,44846,2012
13614,3991,2012
13616,29208,2012
13617,204144,2012
13618,43739,2012
13619,192865,2012
13620,35652,2012
13621,10595,2012
13622,53981,2012
13624,136957,2012
13625,45897,2012
13626,41509,2012
13630,21756,2012
13634,96641,2012
13635,16337,2012
13636,5840,2012
13637,80990,2012
13638,6957,2012
13640,17601,2012
13642,151462,2012
13646,37056,2012
13648,42248,2012
13650,30013,2012
13652,26939,2012
13654,35771,2012
13655,46243,2012
13656,47137,2012
13658,46969,2012
13659,10423,2012
13660,35439,2012
13661,31815,2012
13662,336394,2012
13664,13767,2012
13665,15731,2012
13667,54976,2012
13668,67638,2012
13669,315976,2012
13670,4874,2012
13672,14793,2012
13673,42022,2012
13676,249206,2012
13679,39168,2012
13680,18007,2012
13681,14432,2012
13682,21848,2012
13684,19652,2012
13685,71743,2012
13687,11407,2012
13690,14720,2012
13691,60221,2012
13693,11906,2012
13694,39958,2012
13696,4654,2012
13697,37440,2012
13730,52985,2012
13731,26060,2012
13732,232990,2012
13733,98080,2012
13734,42174,2012
13736,48016,2012
13739,18602,2012
13740,10878,2012
13743,80234,2012
13744,24515,2012
13746,59954,2012
13748,84297,2012
13750,17787,2012
13751,4896,2012
13752,14775,2012
13753,96471,2012
13754,54287,2012
13755,23368,2012
13756,9046,2012
13757,19701,2012
13760,1108580,2012
13775,35604,2012
13776,15534,2012
13777,16836,2012
13778,129766,2012
13780,21412,2012
13782,13509,2012
13783,42960,2012
13786,6967,2012
13787,59777,2012
13788,19103,2012
13790,349589,2012
13795,81819,2012
13796,26362,2012
13797,38890,2012
13801,19000,2012
13802,18811,2012
13803,78254,2012
13804,9218,2012
13806,3997,2012
13807,28649,2012
13808,34271,2012
13809,30572,2012
13810,21241,2012
13811,92879,2012
13812,46249,2012
13813,17042,2012
13815,277817,2012
13820,389933,2012
13825,68567,2012
13827,300726,2012
13830,92678,2012
13832,10157,2012
13833,85882,2012
13835,26337,2012
13838,84991,2012
13839,24681,2012
13841,8590,2012
13842,9376,2012
13843,32844,2012
13844,12199,2012
13846,6663,2012
13849,91539,2012
13850,723222,2012
13856,114124,2012
13861,16597,2012
13862,83830,2012
13863,7508,2012
13864,20080,2012
13865,125383,2012
13901,416695,2012
13903,443016,2012
13904,185837,2012
13905,495774,2012
14001,248151,2012
14004,285886,2012
14005,42301,2012
14006,228094,2012
14008,32674,2012
14009,117410,2012
14011,140833,2012
14012,50043,2012
14013,30369,2012
14020,449992,2012
14024,31117,2012
14025,93227,2012
14026,18645,2012
14028,42300,2012
14030,32500,2012
14031,644065,2012
14032,408959,2012
14033,77429,2012
14034,38559,2012
14036,113253,2012
14037,35944,2012
14040,54424,2012
14041,3881,2012
14042,66786,2012
14043,596961,2012
14047,171921,2012
14048,247897,2012
14051,1089472,2012
14052,714187,2012
14054,31357,2012
14055,36047,2012
14057,237638,2012
14058,52919,2012
14059,348688,2012
14060,7185,2012
14062,73153,2012
14063,272878,2012
14065,31374,2012
14066,20123,2012
14067,112622,2012
14068,286813,2012
14069,26560,2012
14070,100876,2012
14072,769751,2012
14075,1345338,2012
14080,127413,2012
14081,57035,2012
14082,12064,2012
14085,256254,2012
14086,1071566,2012
14091,25077,2012
14092,442395,2012
14094,1225650,2012
14098,60975,2012
14101,32227,2012
14102,38896,2012
14103,210208,2012
14105,97142,2012
14108,131444,2012
14111,76184,2012
14113,18669,2012
14120,1163049,2012
14125,76946,2012
14127,1455910,2012
14129,26648,2012
14131,132539,2012
14132,140925,2012
14134,6750,2012
14136,103930,2012
14138,34177,2012
14139,72629,2012
14141,192410,2012
14143,32650,2012
14145,36739,2012
14150,990136,2012
14167,38199,2012
14170,82955,2012
14171,44345,2012
14172,85103,2012
14174,203809,2012
14201,156255,2012
14202,242503,2012
14203,48668,2012
14204,86076,2012
14206,306444,2012
14207,242757,2012
14208,97660,2012
14209,235011,2012
14210,194966,2012
14211,204050,2012
14212,112841,2012
14213,238930,2012
14214,371789,2012
14215,492980,2012
14216,603600,2012
14217,556194,2012
14218,307360,2012
14219,252317,2012
14220,476545,2012
14221,2397990,2012
14222,478119,2012
14223,616078,2012
14224,1108899,2012
14225,703876,2012
14226,1084197,2012
14227,536036,2012
14228,579387,2012
14301,137492,2012
14303,66644,2012
14304,648832,2012
14305,266892,2012
14411,230406,2012
14414,182354,2012
14416,92174,2012
14418,25365,2012
14420,389119,2012
14422,56147,2012
14423,116909,2012
14424,796517,2012
14425,295623,2012
14427,41695,2012
14428,252308,2012
14432,124041,2012
14433,82296,2012
14435,81312,2012
14437,195189,2012
14441,7415,2012
14445,165888,2012
14450,1735281,2012
14454,181829,2012
14456,407142,2012
14462,14810,2012
14464,159603,2012
14466,42628,2012
14467,254587,2012
14468,542792,2012
14469,156728,2012
14470,163610,2012
14471,71984,2012
14472,434526,2012
14475,11268,2012
14476,50237,2012
14477,36112,2012
14478,26830,2012
14480,21390,2012
14481,42101,2012
14482,197814,2012
14485,104402,2012
14486,7605,2012
14487,163227,2012
14489,132925,2012
14502,300700,2012
14504,32645,2012
14505,124754,2012
14506,72531,2012
14507,28579,2012
14510,87894,2012
14512,119910,2012
14513,269148,2012
14514,161291,2012
14516,51322,2012
14517,56656,2012
14519,337973,2012
14521,56383,2012
14522,207313,2012
14525,63739,2012
14526,845523,2012
14527,264348,2012
14530,113998,2012
14532,104067,2012
14533,35142,2012
14534,2285749,2012
14536,11667,2012
14541,55156,2012
14543,124435,2012
14544,46713,2012
14546,143351,2012
14548,86189,2012
14550,34819,2012
14551,104305,2012
14555,29556,2012
14559,565557,2012
14560,47909,2012
14561,62901,2012
14564,736399,2012
14568,170982,2012
14569,132774,2012
14571,28815,2012
14572,94845,2012
14580,1888962,2012
14585,5755,2012
14586,287983,2012
14589,185764,2012
14590,97127,2012
14591,37236,2012
14604,48491,2012
14605,82398,2012
14606,463190,2012
14607,351668,2012
14608,121712,2012
14609,719589,2012
14610,782667,2012
14611,151056,2012
14612,942226,2012
14613,147256,2012
14614,15232,2012
14615,273364,2012
14616,605504,2012
14617,695833,2012
14618,1144760,2012
14619,209784,2012
14620,470289,2012
14621,286771,2012
14622,322512,2012
14623,395757,2012
14624,1004328,2012
14625,425290,2012
14626,841370,2012
14701,650308,2012
14706,155523,2012
14709,27006,2012
14710,81264,2012
14711,28063,2012
14712,104882,2012
14714,6464,2012
14715,44985,2012
14716,35466,2012
14717,11451,2012
14718,42500,2012
14719,58121,2012
14721,3626,2012
14723,22119,2012
14724,39748,2012
14726,14220,2012
14727,115521,2012
14728,25094,2012
14729,17987,2012
14731,51830,2012
14733,68991,2012
14735,41167,2012
14736,12096,2012
14737,68166,2012
14738,73153,2012
14739,38892,2012
14740,21363,2012
14741,36349,2012
14743,34770,2012
14744,19406,2012
14747,38439,2012
14748,10594,2012
14750,145066,2012
14753,20010,2012
14754,10768,2012
14755,48915,2012
14757,67312,2012
14760,380074,2012
14767,27689,2012
14769,15469,2012
14770,60275,2012
14772,69636,2012
14775,41691,2012
14777,11325,2012
14779,107209,2012
14781,34878,2012
14782,40561,2012
14784,15897,2012
14787,99578,2012
14801,92745,2012
14802,20753,2012
14803,26086,2012
14804,31421,2012
14805,24293,2012
14806,42889,2012
14807,62361,2012
14808,8824,2012
14809,43620,2012
14810,212971,2012
14812,67895,2012
14813,43159,2012
14814,71408,2012
14815,19357,2012
14816,14743,2012
14817,57531,2012
14818,47286,2012
14819,9781,2012
14820,11324,2012
14821,72762,2012
14822,20231,2012
14823,68577,2012
14824,13872,2012
14825,18184,2012
14826,38423,2012
14830,613415,2012
14836,21413,2012
14837,92219,2012
14838,40045,2012
14839,12430,2012
14840,93813,2012
14841,22459,2012
14842,17901,2012
14843,227601,2012
14845,609957,2012
14846,11532,2012
14847,51629,2012
14850,1568081,2012
14853,5523,2012
14855,13239,2012
14858,35059,2012
14859,20985,2012
14860,23717,2012
14861,28090,2012
14864,22850,2012
14865,52689,2012
14867,121564,2012
14869,27166,2012
14870,319118,2012
14871,134301,2012
14872,10967,2012
14873,42345,2012
14874,4980,2012
14877,8002,2012
14878,13050,2012
14879,39281,2012
14880,29241,2012
14881,6222,2012
14882,126892,2012
14883,82687,2012
14884,6864,2012
14885,10841,2012
14886,193772,2012
14889,26749,2012
14891,94609,2012
14892,161735,2012
14894,27317,2012
14895,181783,2012
14897,16375,2012
14898,23042,2012
14901,193855,2012
14903,212137,2012
14904,255507,2012
14905,279642,2012
99999,13437663,2012
00000,713599216,2013
10001,2094642,2013
10002,2002349,2013
10003,6135126,2013
10004,892142,2013
10005,5343796,2013
10006,421654,2013
10007,1712816,2013
10009,2299944,2013
10010,3424038,2013
10011,7422443,2013
10012,2682639,2013
10013,4872698,2013
10014,4861288,2013
10016,8730077,2013
10017,4079743,2013
10018,2550416,2013
10019,6040781,2013
10021,11744436,2013
10022,10036729,2013
10023,10708893,2013
10024,9152767,2013
10025,6051861,2013
10026,993545,2013
10027,1396419,2013
10028,8970406,2013
10029,1714185,2013
10030,472006,2013
10031,1001265,2013
10032,1001227,2013
10033,1067109,2013
10034,764345,2013
10035,603151,2013
10036,3690222,2013
10037,445291,2013
10038,1426096,2013
10039,468538,2013
10040,808747,2013
10044,346386,2013
10065,6983851,2013
10069,1258210,2013
10075,5843617,2013
10128,10821609,2013
10162,177246,2013
10280,782322,2013
10282,968177,2013
10301,1090169,2013
10302,362243,2013
10303,492630,2013
10304,1203206,2013
10305,1092453,2013
10306,1745314,2013
10307,527395,2013
10308,935036,2013
10309,1132904,2013
10310,626031,2013
10312,2146508,2013
10314,2592527,2013
10451,647933,2013
10452,867413,2013
10453,876875,2013
10454,364122,2013
10455,430940,2013
10456,916804,2013
10457,757012,2013
10458,857682,2013
10459,537557,2013
10460,630094,2013
10461,1096894,2013
10462,1482923,2013
10463,1978706,2013
10464,163217,2013
10465,1082818,2013
10466,1122503,2013
10467,1357285,2013
10468,944103,2013
10469,1303391,2013
10470,345546,2013
10471,1155866,2013
10472,750631,2013
10473,983107,2013
10474,121027,2013
10475,986202,2013
10501,96181,2013
10502,418635,2013
10504,2241447,2013
10505,62777,2013
10506,1019576,2013
10507,445501,2013
10509,793397,2013
10510,1259611,2013
10511,77202,2013
10512,999819,2013
10514,2349510,2013
10516,275100,2013
10518,105187,2013
10520,793818,2013
10522,667713,2013
10523,325094,2013
10524,334048,2013
10526,145526,2013
10527,59999,2013
10528,1319375,2013
10530,906344,2013
10532,237939,2013
10533,830848,2013
10535,22652,2013
10536,1353543,2013
10537,71797,2013
10538,2881857,2013
10541,1024407,2013
10543,1394547,2013
10546,149954,2013
10547,267923,2013
10548,122605,2013
10549,1649491,2013
10550,645261,2013
10552,771774,2013
10553,265757,2013
10560,411706,2013
10562,1225514,2013
10566,644359,2013
10567,948274,2013
10570,961801,2013
10573,1664796,2013
10576,701130,2013
10577,1019759,2013
10578,38646,2013
10579,392537,2013
10580,3899799,2013
10583,7431065,2013
10588,103327,2013
10589,549880,2013
10590,517180,2013
10591,1343081,2013
10594,295803,2013
10595,368211,2013
10597,170827,2013
10598,1589499,2013
10601,763043,2013
10603,737193,2013
10604,671855,2013
10605,1364557,2013
10606,599455,2013
10607,331934,2013
10701,1241251,2013
10703,526334,2013
10704,981989,2013
10705,784554,2013
10706,710047,2013
10707,537853,2013
10708,3101064,2013
10709,588612,2013
10710,1013924,2013
10801,1150008,2013
10803,1219758,2013
10804,1500010,2013
10805,587279,2013
10901,1174810,2013
10913,309653,2013
10916,198834,2013
10917,86271,2013
10918,411936,2013
10919,39538,2013
10920,362354,2013
10921,152046,2013
10923,289198,2013
10924,537044,2013
10925,166231,2013
10926,126226,2013
10927,229613,2013
10928,115592,2013
10930,375681,2013
10931,26416,2013
10940,1165333,2013
10941,393559,2013
10950,1147756,2013
10952,1042696,2013
10954,943880,2013
10956,1775709,2013
10958,105302,2013
10960,722434,2013
10962,247099,2013
10963,72923,2013
10964,141441,2013
10965,711628,2013
10968,148956,2013
10969,37634,2013
10970,385477,2013
10973,77572,2013
10974,124842,2013
10975,8422,2013
10976,55212,2013
10977,1258091,2013
10980,548700,2013
10983,278674,2013
10984,104364,2013
10985,11843,2013
10986,79493,2013
10987,299619,2013
10989,425009,2013
10990,951957,2013
10992,343172,2013
10993,110282,2013
10994,415159,2013
10996,78693,2013
10998,108274,2013
11001,1119857,2013
11003,1132574,2013
11004,420532,2013
11005,175556,2013
11010,865102,2013
11020,544253,2013
11021,1487934,2013
11023,673720,2013
11024,1041337,2013
11030,2713441,2013
11040,1932665,2013
11050,2546778,2013
11096,140717,2013
11101,972808,2013
11102,890292,2013
11103,954858,2013
11104,765714,2013
11105,1011364,2013
11106,1037235,2013
11109,462014,2013
11201,5112729,2013
11203,1346763,2013
11204,1606891,2013
11205,1005664,2013
11206,1146373,2013
11207,1206549,2013
11208,1179525,2013
11209,2276910,2013
11210,1888103,2013
11211,1791794,2013
11212,1043007,2013
11213,964964,2013
11214,1563213,2013
11215,3882566,2013
11216,1096986,2013
11217,1941268,2013
11218,1624318,2013
11219,1364843,2013
11220,1360015,2013
11221,1166455,2013
11222,1261777,2013
11223,1971512,2013
11224,717045,2013
11225,1228231,2013
11226,1722653,2013
11228,1081095,2013
11229,1922566,2013
11230,2177511,2013
11231,1875833,2013
11232,435664,2013
11233,1017712,2013
11234,2423833,2013
11235,1925904,2013
11236,1837123,2013
11237,685009,2013
11238,2064377,2013
11239,248163,2013
11354,1008807,2013
11355,1287291,2013
11356,509161,2013
11357,1469576,2013
11358,1006877,2013
11360,836069,2013
11361,847874,2013
11362,638785,2013
11363,370854,2013
11364,1116336,2013
11365,1094640,2013
11366,419895,2013
11367,995934,2013
11368,1252689,2013
11369,586927,2013
11370,535522,2013
11372,1379743,2013
11373,1540367,2013
11374,1234938,2013
11375,2958154,2013
11377,1672212,2013
11378,850047,2013
11379,1072037,2013
11385,1929001,2013
11411,506100,2013
11412,741383,2013
11413,934909,2013
11414,810182,2013
11415,558050,2013
11416,380321,2013
11417,574890,2013
11418,662242,2013
11419,730117,2013
11420,832745,2013
11421,740488,2013
11422,725787,2013
11423,650266,2013
11426,523875,2013
11427,621771,2013
11428,425926,2013
11429,516711,2013
11430,8461,2013
11432,1190643,2013
11433,517161,2013
11434,1224601,2013
11435,981022,2013
11436,334411,2013
11501,753542,2013
11507,429508,2013
11509,233149,2013
11510,1218821,2013
11514,186528,2013
11516,406189,2013
11518,554179,2013
11520,1112450,2013
11530,3166144,2013
11542,989943,2013
11545,1800237,2013
11548,73029,2013
11550,1067478,2013
11552,904620,2013
11553,569501,2013
11554,1452791,2013
11557,705826,2013
11558,276854,2013
11559,1184601,2013
11560,1003623,2013
11561,1652240,2013
11563,904856,2013
11565,443493,2013
11566,1995196,2013
11568,904579,2013
11570,1892114,2013
11572,1342180,2013
11575,328132,2013
11576,1572886,2013
11577,1005118,2013
11579,341034,2013
11580,1307837,2013
11581,861272,2013
11590,1567949,2013
11596,574519,2013
11598,967432,2013
11691,811125,2013
11692,284299,2013
11693,250944,2013
11694,748839,2013
11697,168179,2013
11701,759400,2013
11702,721375,2013
11703,560982,2013
11704,1163187,2013
11705,384585,2013
11706,1661901,2013
11709,323461,2013
11710,1601988,2013
11713,328344,2013
11714,861567,2013
11715,205075,2013
11716,386752,2013
11717,1084585,2013
11718,234947,2013
11719,137129,2013
11720,972178,2013
11721,451128,2013
11722,757855,2013
11724,481045,2013
11725,1414634,2013
11726,480907,2013
11727,866083,2013
11729,852833,2013
11730,644587,2013
11731,1328820,2013
11732,246194,2013
11733,1847757,2013
11735,1300765,2013
11738,525650,2013
11740,447731,2013
11741,1028609,2013
11742,491669,2013
11743,3227837,2013
11746,3077723,2013
11747,2259270,2013
11749,110188,2013
11751,598056,2013
11752,330538,2013
11753,1333492,2013
11754,789736,2013
11755,501177,2013
11756,1540228,2013
11757,1349487,2013
11758,2500277,2013
11762,1046771,2013
11763,864405,2013
11764,626627,2013
11765,164383,2013
11766,663114,2013
11767,648466,2013
11768,1449565,2013
11769,411327,2013
11771,1193790,2013
11772,1261967,2013
11776,780579,2013
11777,644790,2013
11778,420849,2013
11779,1209888,2013
11780,1354738,2013
11782,719107,2013
11783,954261,2013
11784,694612,2013
11786,299758,2013
11787,1751479,2013
11788,788395,2013
11789,240539,2013
11790,719391,2013
11791,2194523,2013
11792,387695,2013
11793,1496051,2013
11795,1130836,2013
11796,142584,2013
11797,1026690,2013
11798,326135,2013
11801,1347370,2013
11803,1630582,2013
11804,280211,2013
11901,628869,2013
11933,233953,2013
11934,302216,2013
11935,175393,2013
11937,948592,2013
11939,47338,2013
11940,249769,2013
11941,103424,2013
11942,212036,2013
11944,141388,2013
11946,453175,2013
11948,51340,2013
11949,548277,2013
11950,358437,2013
11951,285220,2013
11952,236034,2013
11953,382264,2013
11954,203671,2013
11955,108814,2013
11957,56364,2013
11958,38439,2013
11961,404518,2013
11963,477523,2013
11967,666082,2013
11968,597606,2013
11971,276024,2013
11976,278790,2013
11977,124283,2013
11978,219350,2013
11980,167003,2013
12007,5509,2013
12008,17202,2013
12009,282092,2013
12010,600793,2013
12015,104970,2013
12017,13143,2013
12018,265396,2013
12019,622569,2013
12020,1006616,2013
12022,19138,2013
12023,56000,2013
12025,145450,2013
12027,165430,2013
12028,29666,2013
12029,37917,2013
12031,4096,2013
12032,26005,2013
12033,268607,2013
12035,18070,2013
12037,94941,2013
12041,15205,2013
12042,11322,2013
12043,157310,2013
12046,20550,2013
12047,521406,2013
12051,95477,2013
12052,40737,2013
12053,138655,2013
12054,806161,2013
12056,83365,2013
12057,33060,2013
12058,32553,2013
12059,49290,2013
12060,47330,2013
12061,379770,2013
12062,45885,2013
12063,19971,2013
12064,7814,2013
12065,1711930,2013
12066,54534,2013
12067,50324,2013
12068,64130,2013
12070,39666,2013
12071,5398,2013
12072,58641,2013
12074,89125,2013
12075,98638,2013
12076,26352,2013
12077,275415,2013
12078,404881,2013
12083,99638,2013
12084,172445,2013
12085,9338,2013
12086,51131,2013
12087,32563,2013
12090,127997,2013
12092,25773,2013
12093,31632,2013
12094,58072,2013
12095,251635,2013
12106,91999,2013
12108,12444,2013
12110,698459,2013
12116,35646,2013
12117,72132,2013
12118,469688,2013
12120,14577,2013
12121,59819,2013
12122,85157,2013
12123,152577,2013
12125,40269,2013
12130,26897,2013
12131,4559,2013
12134,84268,2013
12136,43416,2013
12137,50242,2013
12138,70074,2013
12139,6880,2013
12140,57983,2013
12143,127744,2013
12144,574755,2013
12147,18979,2013
12148,244082,2013
12149,44084,2013
12150,24691,2013
12151,28230,2013
12153,28187,2013
12154,87011,2013
12155,31490,2013
12156,26462,2013
12157,95008,2013
12158,205371,2013
12159,534191,2013
12160,21198,2013
12164,13070,2013
12165,21830,2013
12166,28271,2013
12167,50039,2013
12168,47814,2013
12169,8874,2013
12170,147172,2013
12173,39797,2013
12175,16139,2013
12176,6471,2013
12180,1106505,2013
12182,317044,2013
12183,57083,2013
12184,231252,2013
12185,60326,2013
12186,286447,2013
12187,18274,2013
12188,347457,2013
12189,433397,2013
12190,17347,2013
12192,35911,2013
12193,61184,2013
12194,5515,2013
12196,114112,2013
12197,42691,2013
12198,269851,2013
12202,115021,2013
12203,960540,2013
12204,253208,2013
12205,780313,2013
12206,221638,2013
12207,20341,2013
12208,559426,2013
12209,221542,2013
12210,185755,2013
12211,730616,2013
12302,884259,2013
12303,862139,2013
12304,418024,2013
12305,62797,2013
12306,706290,2013
12307,56937,2013
12308,252211,2013
12309,1383082,2013
12401,775942,2013
12404,96115,2013
12405,13534,2013
12406,12098,2013
12407,4257,2013
12409,37741,2013
12410,10106,2013
12411,11544,2013
12412,16772,2013
12413,56484,2013
12414,216498,2013
12418,15718,2013
12419,22949,2013
12421,10756,2013
12422,6833,2013
12423,21846,2013
12424,5889,2013
12427,9182,2013
12428,105314,2013
12430,19786,2013
12431,36226,2013
12433,14588,2013
12434,11777,2013
12435,7980,2013
12439,8328,2013
12440,59411,2013
12442,23837,2013
12443,155240,2013
12444,8511,2013
12446,110482,2013
12448,4648,2013
12449,82182,2013
12451,39133,2013
12454,4647,2013
12455,32820,2013
12456,16327,2013
12457,17617,2013
12458,47206,2013
12460,6231,2013
12461,43118,2013
12463,37528,2013
12464,21244,2013
12466,86450,2013
12468,20540,2013
12469,14655,2013
12470,8674,2013
12472,40468,2013
12473,21266,2013
12474,27824,2013
12477,459981,2013
12480,11815,2013
12481,40228,2013
12482,13787,2013
12484,98589,2013
12485,20684,2013
12486,45468,2013
12487,78995,2013
12491,61310,2013
12492,6704,2013
12494,22918,2013
12495,9532,2013
12496,38115,2013
12498,197927,2013
12501,57614,2013
12502,38783,2013
12503,27823,2013
12508,470978,2013
12513,54021,2013
12514,127561,2013
12515,39976,2013
12516,40318,2013
12517,12111,2013
12518,234793,2013
12520,149840,2013
12521,45189,2013
12522,119044,2013
12523,48578,2013
12524,544843,2013
12525,129059,2013
12526,124116,2013
12528,399441,2013
12529,76815,2013
12531,131801,2013
12533,1085644,2013
12534,360634,2013
12538,386542,2013
12540,372177,2013
12542,188303,2013
12543,70744,2013
12545,258703,2013
12546,89326,2013
12547,91540,2013
12548,43507,2013
12549,347710,2013
12550,1270043,2013
12553,736175,2013
12561,490204,2013
12563,248708,2013
12564,294398,2013
12565,31421,2013
12566,294636,2013
12567,92682,2013
12569,361925,2013
12570,293392,2013
12571,315602,2013
12572,531176,2013
12575,85191,2013
12577,72192,2013
12578,90340,2013
12580,142380,2013
12581,86440,2013
12582,183590,2013
12583,61812,2013
12585,32139,2013
12586,347144,2013
12589,401925,2013
12590,1181527,2013
12592,33425,2013
12594,110680,2013
12601,804137,2013
12603,1436482,2013
12701,164014,2013
12719,23825,2013
12720,10946,2013
12721,166639,2013
12723,37559,2013
12725,8180,2013
12726,26532,2013
12729,39030,2013
12732,22502,2013
12733,7899,2013
12734,23251,2013
12737,42502,2013
12738,5522,2013
12740,53010,2013
12741,6739,2013
12742,6994,2013
12743,8321,2013
12746,25322,2013
12747,34616,2013
12748,47968,2013
12750,3645,2013
12751,14108,2013
12752,6947,2013
12754,124593,2013
12758,80555,2013
12759,21112,2013
12760,9361,2013
12762,12797,2013
12763,18842,2013
12764,36183,2013
12765,25966,2013
12766,6695,2013
12768,20277,2013
12770,4782,2013
12771,293856,2013
12775,91273,2013
12776,47810,2013
12777,23908,2013
12779,40653,2013
12780,56896,2013
12783,25800,2013
12786,18707,2013
12787,11174,2013
12788,47331,2013
12789,32781,2013
12790,111895,2013
12791,18890,2013
12792,9672,2013
12801,324155,2013
12803,187139,2013
12804,843328,2013
12808,10592,2013
12809,77796,2013
12810,12640,2013
12814,53673,2013
12815,27720,2013
12816,103121,2013
12817,55298,2013
12819,5251,2013
12821,6565,2013
12822,121682,2013
12823,7331,2013
12824,30748,2013
12827,88515,2013
12828,210109,2013
12831,556415,2013
12832,117699,2013
12833,148722,2013
12834,171956,2013
12835,58434,2013
12836,17381,2013
12837,14472,2013
12838,14425,2013
12839,255956,2013
12842,26655,2013
12843,12461,2013
12844,13361,2013
12845,184885,2013
12846,72557,2013
12847,16651,2013
12849,15676,2013
12850,89898,2013
12851,6039,2013
12852,10423,2013
12853,26635,2013
12855,5056,2013
12857,11811,2013
12859,52423,2013
12860,14343,2013
12861,16136,2013
12863,20463,2013
12865,76544,2013
12866,3149980,2013
12870,36236,2013
12871,103290,2013
12873,19522,2013
12878,11702,2013
12883,102513,2013
12885,89553,2013
12886,5176,2013
12887,91280,2013
12901,700929,2013
12903,46241,2013
12910,31456,2013
12912,43165,2013
12913,24855,2013
12914,13308,2013
12916,35797,2013
12917,24786,2013
12918,59047,2013
12919,71546,2013
12920,47866,2013
12921,65860,2013
12923,9747,2013
12926,35302,2013
12928,41853,2013
12930,10745,2013
12932,29464,2013
12934,16457,2013
12935,30871,2013
12936,16564,2013
12937,23800,2013
12941,29998,2013
12942,21686,2013
12943,12354,2013
12944,78125,2013
12945,16722,2013
12946,184207,2013
12950,13514,2013
12952,12540,2013
12953,223203,2013
12955,6757,2013
12956,19282,2013
12957,26008,2013
12958,38069,2013
12959,25645,2013
12960,22151,2013
12961,5201,2013
12962,145988,2013
12965,7551,2013
12966,47073,2013
12967,18681,2013
12969,7764,2013
12970,6719,2013
12972,174660,2013
12974,26464,2013
12978,8151,2013
12979,58474,2013
12980,22518,2013
12981,55166,2013
12983,187657,2013
12985,19310,2013
12986,130248,2013
12987,6072,2013
12989,22110,2013
12992,103421,2013
12993,43172,2013
12996,44791,2013
12997,25479,2013
12998,7779,2013
13021,941159,2013
13026,38767,2013
13027,1089119,2013
13028,25435,2013
13029,226602,2013
13030,108691,2013
13031,528846,2013
13032,277596,2013
13033,81642,2013
13034,44669,2013
13035,386108,2013
13036,200761,2013
13037,238813,2013
13039,575350,2013
13040,50097,2013
13041,324521,2013
13042,47658,2013
13044,62473,2013
13045,547575,2013
13052,40418,2013
13053,118957,2013
13054,30657,2013
13057,400488,2013
13060,71557,2013
13061,27337,2013
13063,54730,2013
13066,763277,2013
13068,130683,2013
13069,467354,2013
13071,22980,2013
13072,13223,2013
13073,152513,2013
13074,79460,2013
13076,51645,2013
13077,165118,2013
13078,479954,2013
13080,88343,2013
13081,29996,2013
13082,112723,2013
13083,34890,2013
13084,135113,2013
13088,589261,2013
13090,900385,2013
13092,54990,2013
13101,50302,2013
13103,4888,2013
13104,907431,2013
13108,209886,2013
13110,66666,2013
13111,28324,2013
13112,50414,2013
13114,144357,2013
13116,92576,2013
13118,116927,2013
13120,47240,2013
13122,28744,2013
13126,733498,2013
13131,77788,2013
13132,95382,2013
13135,155726,2013
13136,7120,2013
13140,80686,2013
13141,13926,2013
13142,135599,2013
13143,49845,2013
13144,21493,2013
13145,39204,2013
13146,38863,2013
13147,26435,2013
13148,243767,2013
13152,462255,2013
13155,12204,2013
13156,40526,2013
13158,25987,2013
13159,167160,2013
13160,49718,2013
13164,75382,2013
13165,212493,2013
13166,124762,2013
13167,79427,2013
13202,73344,2013
13203,235110,2013
13204,243667,2013
13205,224473,2013
13206,310018,2013
13207,243747,2013
13208,275292,2013
13209,305405,2013
13210,240018,2013
13211,115917,2013
13212,496591,2013
13214,241655,2013
13215,544979,2013
13219,436981,2013
13224,276846,2013
13302,22883,2013
13303,31676,2013
13304,60432,2013
13308,66023,2013
13309,118938,2013
13310,12297,2013
13314,7888,2013
13315,26093,2013
13316,124973,2013
13317,75396,2013
13318,27170,2013
13319,17046,2013
13320,39098,2013
13322,27643,2013
13323,327062,2013
13324,37489,2013
13325,16935,2013
13326,193489,2013
13327,40837,2013
13328,27975,2013
13329,62891,2013
13331,8171,2013
13332,45831,2013
13334,23407,2013
13335,33849,2013
13337,27293,2013
13338,25381,2013
13339,101061,2013
13340,171540,2013
13343,36357,2013
13346,134306,2013
13348,29227,2013
13350,166171,2013
13354,86373,2013
13355,16541,2013
13357,204323,2013
13360,10472,2013
13361,11064,2013
13363,52656,2013
13365,165441,2013
13367,171594,2013
13368,22028,2013
13402,27664,2013
13403,138286,2013
13406,12605,2013
13407,101912,2013
13408,55141,2013
13409,47149,2013
13411,53357,2013
13413,637591,2013
13416,47384,2013
13417,69149,2013
13420,44384,2013
13421,298848,2013
13424,57821,2013
13425,38317,2013
13428,29257,2013
13431,46088,2013
13433,24154,2013
13437,8868,2013
13438,83801,2013
13439,75291,2013
13440,838143,2013
13450,5109,2013
13452,76428,2013
13454,13940,2013
13456,112352,2013
13459,40345,2013
13460,89001,2013
13461,89744,2013
13464,17347,2013
13468,11450,2013
13469,20490,2013
13470,10248,2013
13471,53248,2013
13473,15652,2013
13476,75207,2013
13477,25281,2013
13478,72502,2013
13480,73218,2013
13483,4417,2013
13485,17504,2013
13486,20712,2013
13488,5112,2013
13489,13205,2013
13490,33944,2013
13491,77496,2013
13492,338753,2013
13493,32398,2013
13494,6498,2013
13495,43711,2013
13501,543791,2013
13502,557799,2013
13601,750706,2013
13603,118828,2013
13605,95143,2013
13606,63990,2013
13607,53548,2013
13608,27248,2013
13612,60226,2013
13613,43202,2013
13614,4158,2013
13616,27476,2013
13617,209603,2013
13618,44185,2013
13619,190984,2013
13620,36215,2013
13621,12186,2013
13622,54457,2013
13624,118494,2013
13625,44801,2013
13626,42913,2013
13630,21618,2013
13634,94506,2013
13635,16240,2013
13636,5844,2013
13637,79517,2013
13638,6294,2013
13640,17011,2013
13642,149075,2013
13646,39114,2013
13648,42604,2013
13650,27227,2013
13652,28840,2013
13654,36394,2013
13655,46217,2013
13656,46275,2013
13658,47773,2013
13659,11381,2013
13660,36449,2013
13661,32410,2013
13662,331969,2013
13664,13804,2013
13665,15623,2013
13667,56231,2013
13668,67529,2013
13669,305553,2013
13670,5548,2013
13672,16026,2013
13673,39613,2013
13676,267461,2013
13679,37503,2013
13680,18914,2013
13681,13331,2013
13682,21390,2013
13684,19815,2013
13685,70590,2013
13687,11599,2013
13690,15127,2013
13691,56761,2013
13693,15145,2013
13694,41244,2013
13696,4628,2013
13697,38873,2013
13730,52951,2013
13731,31552,2013
13732,236619,2013
13733,100628,2013
13734,43279,2013
13736,47951,2013
13739,18094,2013
13740,12304,2013
13743,79481,2013
13744,24974,2013
13746,61192,2013
13748,86670,2013
13750,18241,2013
13751,4539,2013
13752,14772,2013
13753,97391,2013
13754,54952,2013
13755,23397,2013
13756,8368,2013
13757,20375,2013
13760,1116296,2013
13775,36590,2013
13776,15002,2013
13777,16798,2013
13778,131843,2013
13780,22086,2013
13782,12984,2013
13783,45409,2013
13786,7949,2013
13787,60719,2013
13788,18936,2013
13790,350672,2013
13795,80183,2013
13796,25935,2013
13797,38412,2013
13801,19550,2013
13802,20342,2013
13803,78914,2013
13804,8501,2013
13806,4315,2013
13807,28035,2013
13808,35176,2013
13809,29503,2013
13810,20436,2013
13811,94835,2013
13812,46387,2013
13813,16891,2013
13815,282724,2013
13820,389909,2013
13825,68947,2013
13827,274410,2013
13830,94110,2013
13832,10138,2013
13833,86616,2013
13835,26551,2013
13838,85547,2013
13839,25329,2013
13841,9256,2013
13842,10028,2013
13843,33019,2013
13844,12859,2013
13846,6492,2013
13849,93006,2013
13850,724189,2013
13856,113768,2013
13861,15526,2013
13862,82191,2013
13863,7099,2013
13864,20614,2013
13865,126190,2013
13901,420419,2013
13903,445443,2013
13904,183979,2013
13905,498716,2013
14001,255732,2013
14004,292492,2013
14005,42402,2013
14006,229556,2013
14008,33654,2013
14009,119745,2013
14011,140932,2013
14012,49767,2013
14013,29866,2013
14020,454944,2013
14024,32568,2013
14025,99284,2013
14026,20192,2013
14028,42484,2013
14030,33025,2013
14031,589304,2013
14032,412713,2013
14033,83647,2013
14034,39969,2013
14036,119674,2013
14037,31990,2013
14040,56331,2013
14041,3601,2013
14042,67198,2013
14043,603401,2013
14047,176893,2013
14048,249005,2013
14051,1078095,2013
14052,753511,2013
14054,30682,2013
14055,36512,2013
14057,247380,2013
14058,54161,2013
14059,356022,2013
14060,7174,2013
14062,71056,2013
14063,269941,2013
14065,31815,2013
14066,22068,2013
14067,116674,2013
14068,296223,2013
14069,25978,2013
14070,97135,2013
14072,776850,2013
14075,1371342,2013
14080,120611,2013
14081,55084,2013
14082,11362,2013
14085,264580,2013
14086,1091542,2013
14091,25656,2013
14092,411573,2013
14094,1223206,2013
14098,59362,2013
14101,32625,2013
14102,39457,2013
14103,206877,2013
14105,100398,2013
14108,133754,2013
14111,75447,2013
14113,18961,2013
14120,1208028,2013
14125,80389,2013
14127,1508082,2013
14129,25934,2013
14131,137133,2013
14132,148354,2013
14134,6761,2013
14136,101782,2013
14138,35014,2013
14139,70679,2013
14141,191639,2013
14143,34458,2013
14145,38093,2013
14150,993188,2013
14167,39036,2013
14170,80647,2013
14171,43672,2013
14172,87000,2013
14174,212043,2013
14201,163449,2013
14202,273126,2013
14203,39851,2013
14204,90886,2013
14206,307089,2013
14207,241264,2013
14208,99360,2013
14209,233799,2013
14210,197787,2013
14211,209384,2013
14212,112904,2013
14213,235592,2013
14214,371775,2013
14215,493727,2013
14216,636533,2013
14217,570413,2013
14218,319257,2013
14219,259906,2013
14220,485045,2013
14221,2385456,2013
14222,443200,2013
14223,624819,2013
14224,1137990,2013
14225,715228,2013
14226,1036167,2013
14227,554415,2013
14228,544043,2013
14301,137057,2013
14303,66189,2013
14304,663877,2013
14305,264741,2013
14411,229108,2013
14414,184496,2013
14416,93476,2013
14418,27806,2013
14420,403079,2013
14422,57876,2013
14423,118648,2013
14424,831225,2013
14425,311404,2013
14427,42579,2013
14428,260964,2013
14432,125385,2013
14433,81946,2013
14435,87183,2013
14437,194392,2013
14441,6992,2013
14445,171625,2013
14450,1784559,2013
14454,192110,2013
14456,409825,2013
14462,14861,2013
14464,162737,2013
14466,41277,2013
14467,258517,2013
14468,543094,2013
14469,156221,2013
14470,166339,2013
14471,72324,2013
14472,424194,2013
14475,12272,2013
14476,52059,2013
14477,37288,2013
14478,27443,2013
14480,20559,2013
14481,44232,2013
14482,208313,2013
14485,102033,2013
14486,8542,2013
14487,169283,2013
14489,132635,2013
14502,304529,2013
14504,32475,2013
14505,122054,2013
14506,69404,2013
14507,31132,2013
14510,90259,2013
14512,117848,2013
14513,269089,2013
14514,164415,2013
14516,50765,2013
14517,57912,2013
14519,350642,2013
14521,56555,2013
14522,213410,2013
14525,65057,2013
14526,838861,2013
14527,274678,2013
14530,115840,2013
14532,104107,2013
14533,35312,2013
14534,2271482,2013
14536,12106,2013
14541,52132,2013
14543,117706,2013
14544,54588,2013
14546,141453,2013
14548,87101,2013
14550,32673,2013
14551,105392,2013
14555,27544,2013
14559,563611,2013
14560,50677,2013
14561,62559,2013
14564,792811,2013
14568,171976,2013
14569,136571,2013
14571,29007,2013
14572,96819,2013
14580,1866237,2013
14585,6458,2013
14586,298891,2013
14589,191480,2013
14590,99353,2013
14591,36996,2013
14604,56503,2013
14605,80567,2013
14606,473934,2013
14607,365071,2013
14608,121798,2013
14609,734226,2013
14610,735824,2013
14611,153818,2013
14612,961410,2013
14613,148029,2013
14614,17041,2013
14615,278360,2013
14616,611909,2013
14617,706442,2013
14618,1097087,2013
14619,214670,2013
14620,479637,2013
14621,292532,2013
14622,323150,2013
14623,397123,2013
14624,1016158,2013
14625,419166,2013
14626,865833,2013
14701,646437,2013
14706,162081,2013
14709,28765,2013
14710,77302,2013
14711,29120,2013
14712,107083,2013
14714,6497,2013
14715,44795,2013
14716,36213,2013
14717,11861,2013
14718,41210,2013
14719,58958,2013
14723,22674,2013
14724,42445,2013
14726,14436,2013
14727,110445,2013
14728,23711,2013
14729,18022,2013
14731,48494,2013
14733,67567,2013
14735,40819,2013
14736,11010,2013
14737,68996,2013
14738,71058,2013
14739,39751,2013
14740,22152,2013
14741,40334,2013
14743,35131,2013
14744,20173,2013
14747,37612,2013
14748,10923,2013
14750,146980,2013
14753,19799,2013
14754,10979,2013
14755,51561,2013
14757,68235,2013
14760,381042,2013
14767,28473,2013
14769,15183,2013
14770,60030,2013
14772,71683,2013
14775,41838,2013
14777,11962,2013
14779,103983,2013
14781,35033,2013
14782,39325,2013
14784,16111,2013
14787,102194,2013
14801,92608,2013
14802,19295,2013
14803,25748,2013
14804,30857,2013
14805,25290,2013
14806,45437,2013
14807,63313,2013
14808,9740,2013
14809,44443,2013
14810,215559,2013
14812,67582,2013
14813,43508,2013
14814,69826,2013
14815,18667,2013
14816,15238,2013
14817,63323,2013
14818,48957,2013
14819,9533,2013
14820,11610,2013
14821,71118,2013
14822,20000,2013
14823,70890,2013
14824,13586,2013
14825,18308,2013
14826,39432,2013
14830,629023,2013
14836,22463,2013
14837,89608,2013
14838,40792,2013
14839,12165,2013
14840,92320,2013
14841,26851,2013
14842,19360,2013
14843,231405,2013
14845,627838,2013
14846,11191,2013
14847,52403,2013
14850,1602222,2013
14853,6210,2013
14855,13753,2013
14858,35312,2013
14859,20893,2013
14860,23304,2013
14861,27339,2013
14864,23382,2013
14865,52870,2013
14867,119983,2013
14869,27678,2013
14870,330596,2013
14871,128822,2013
14872,11389,2013
14873,42598,2013
14874,4726,2013
14877,8223,2013
14878,12750,2013
14879,39994,2013
14880,28525,2013
14881,6161,2013
14882,123679,2013
14883,88063,2013
14884,6206,2013
14885,11026,2013
14886,197705,2013
14889,26387,2013
14891,91372,2013
14892,160347,2013
14894,26725,2013
14895,185284,2013
14897,17231,2013
14898,22986,2013
14901,188869,2013
14903,208539,2013
14904,249694,2013
14905,275019,2013
99999,12544489,2013
